1,Bing Crosby,White Christmas,1942,39.903,23.929,5.7,2.185,0.54
2,Bill Haley & his Comets,Rock Around the Clock,1955,36.503,19.961,7.458,5.663,0.76
3,Celine Dion,My Heart Will Go On,1998,35.405,12.636,8.944,23.701,3.61
4,Sinead O'Connor,Nothing Compares 2 U,1990,35.135,14.582,10.242,23.747,2.733
5,The Beatles,Hey Jude,1968,34.442,25.545,16.39,16.541,1.51
6,Bryan Adams,(Everything I Do) I Do it For You,1991,34.367,16.523,12.368,23.194,3.121
7,Whitney Houston,I Will Always Love You,1992,34.112,14.873,11.29,20.753,4.46
8,Pink Floyd,Another Brick in the Wall (part 2),1980,32.02,13.081,13.339,23.347,1.553
9,Irene Cara,Flashdance... What a Feeling,1983,31.305,15.18,11.115,17.803,2.686
10,Elton John,Candle in the Wind '97,1997,31.054,7.412,12.394,20.358,3.189
11,The Rolling Stones,(I Can't Get No) Satisfaction,1965,31.054,22.926,10.258,11.252,0.556
12,Coolio,Gangsta's Paradise,1995,30.822,11.036,8.073,22.988,1.073
13,Eminem,Lose Yourself,2002,30.554,12.994,7.143,15.69,2.083
14,Cher,Believe,1998,30.065,9.418,10.894,20.888,1.872
15,Usher,Yeah!,2004,29.535,14.647,8.4,13.727,1
16,The Beatles,Let it Be,1970,29.443,16.881,13.234,15.888,2.231
17,Procol Harum,A Whiter Shade of Pale,1967,29.428,12.018,15.602,16.833,0.558
18,Bee Gees,Stayin' Alive,1978,29.347,16.16,12.874,17.865,0.571
19,Leona Lewis,Bleeding Love,2008,29.316,9.512,10.05,16.324,1.076
20,The Police,Every Breath You Take,1983,28.976,17.905,11.434,10.774,1.177
21,Kim Carnes,Bette Davis Eyes,1981,28.919,16.184,7.289,19.735,1.5
22,Rihanna & Jay-Z,Umbrella,2007,28.653,11.117,8.833,14.706,1.611
23,George Harrison,My Sweet Lord,1971,27.598,11.705,14.644,18.002,1.085
24,Abba,Dancing Queen,1976,27.582,13.63,14.391,16.401,0.537
25,P Diddy & Faith Evans,I'll Be Missing You,1997,27.543,6.84,8.92,21.66,2.771
26,Britney Spears,Baby One More Time,1999,27.487,6.937,10.629,22.005,1.853
27,The Beatles,I Want to Hold Your Hand,1964,27.47,23.042,9.171,8.192,1.01
28,Michael Jackson,Billie Jean,1983,27.395,12.399,11.737,19.01,1.01
29,Bobby Darin,Mack the Knife,1959,27.33,19.36,5.583,3.74,0.55
30,John Travolta & Olivia Newton-John,You're the One That I Want,1978,26.79,8.046,14.992,22.145,0.555
31,USA For Africa,We Are the World,1985,26.681,10.855,13.627,18.761,1.51
32,Hanson,Mmmbop,1997,26.574,6.804,9.4,16.625,3.548
33,Madonna,Vogue,1990,26.504,9.586,8.353,17.74,2.701
34,Spice Girls,Wannabe,1996,26.329,6.756,10.21,20.26,1.74
35,Roy Orbison,"Oh, Pretty Woman",1964,26.309,16.859,11.699,10.413,0.01
36,Eminem,Without Me,2002,26.225,8.266,8.085,15.431,2.233
37,The Village People,YMCA,1978,25.951,8.885,13.574,20.666,0.653
38,Stevie Wonder,I Just Called to Say I Love You,1984,25.939,8.76,13.416,24.393,0.833
39,George Michael,Careless Whisper,1984,25.89,12.439,13.217,16.467,0.75
40,John Lennon,Imagine,1971,25.732,14.567,17.978,9.755,1.119
41,Survivor,Eye of the Tiger,1982,25.708,12.265,13.264,11.537,0.554
42,Los Del Rio,Macarena,1996,25.687,9.313,5.253,18.24,3.093
43,Elvis Presley,Are You Lonesome Tonight?,1960,25.657,12.057,9.198,7.59,0.01
44,UB40,Can't Help Falling in Love,1993,25.587,8.814,8.737,16.123,3.032
45,OutKast,Hey Ya!,2003,25.543,13.645,4.483,9.778,1.972
46,Queen,Bohemian Rhapsody,1976,25.468,11.819,19.78,9.572,0.538
47,Barbra Streisand,A Woman in Love,1980,25.365,8.126,10.299,23.377,0.511
48,Katy Perry,I Kissed A Girl,2008,25.365,6.004,9.767,16.308,0.591
49,Judy Garland,Over the Rainbow,1939,25.291,17.159,3,0.7,0
50,Elvis Presley,It's Now Or Never,1960,25.254,9.789,11.625,6.587,0.667
51,No Doubt,Don't Speak,1997,25.142,6.687,9.395,18.522,1.673
52,Shakira & Wyclef Jean,Hips don't lie,2006,25.09,8.296,6.833,18.496,1.282
53,50 Cent,In Da Club,2003,25.013,10.576,8.167,11.643,0.518
54,Kylie Minogue,Can't Get You Out of My Head,2001,24.965,5.893,8.603,21.574,1.928
55,The Black Eyed Peas,Where is the Love?,2003,24.945,6.886,8.4,15.968,1.55
56,The Rolling Stones,Angie,1973,24.602,8.793,9.267,16.686,1.033
57,Mungo Jerry,In the Summertime,1970,24.345,8.963,13.318,17.706,0.547
58,Vaughn Monroe,(Ghost) Riders in the Sky,1949,24.324,12.371,6,0.53,0.583
59,Lady GaGa,Poker Face,2009,24.27,8.619,9.191,18.333,0.571
60,Ace of Base,The Sign,1994,24.202,9.274,6.95,12.405,3.833
61,Carl Douglas,Kung Fu Fighting,1974,24.144,7.882,13.798,16.192,0.587
62,Justin Timberlake,Sexyback,2006,24.062,9.08,7.85,10.218,2.571
63,Madonna,Hung Up,2005,23.935,6.452,5.552,19.778,2.65
64,Elvis Presley,Jailhouse Rock,1957,23.827,13.312,6.294,4.537,0.01
65,The Beatles,Help!,1965,23.82,12.665,9.832,9.809,0.521
66,Joan Jett & The Blackhearts,I Love Rock 'n' Roll,1982,23.739,13.422,10.538,9.452,0.529
67,Ricky Martin,Livin' La Vida Loca,1999,23.729,9.086,7.942,9.123,3.515
68,The Monkees,I'm a Believer,1967,23.629,15.525,14.769,8.638,0.539
69,Shakira,"Whenever, Wherever",2002,23.62,3.543,8.753,20.757,1.715
70,Rihanna & Calvin Harris,We Found Love,2011,23.373,10.589,6.583,6.563,0
71,Frank Sinatra,Strangers in the Night,1966,23.348,15.484,8.049,11.804,0.591
72,Bruce Springsteen,Streets of Philadelphia,1994,23.234,9.077,5.033,20.524,1.553
73,The Righteous Brothers,Unchained Melody,1965,23.199,15.616,9.239,7.075,1.101
74,All-4-One,I Swear,1994,23.163,8.348,8.406,14.58,1.807
75,Glenn Miller,In the Mood,1940,23.153,13.666,1.5,2.622,0.583
76,Lou Bega,Mambo No 5 (A Little Bit of ...),1999,23.068,3.543,9.735,22.074,1.657
77,Doris Day,Que sera sera (Whatever will be will be),1956,23.058,10.691,6.529,4.287,0.563
78,Flo-Rida & T-Pain,Low,2008,23.053,12.411,9.6,2.887,0.833
79,Nat King Cole,Mona Lisa,1950,23.002,16.223,2.5,1.098,0.567
80,Terry Jacks,Seasons in the Sun,1974,23,8.13,14.117,15.153,0.01
81,Culture Club,Karma Chameleon,1983,22.967,7.164,15.818,15.898,0.529
82,Aerosmith,I Don't Want to Miss a Thing,1998,22.96,7.609,6.504,17.043,1.748
83,Blondie,Heart of Glass,1979,22.929,11.965,14.494,13.501,0.52
84,Boyz II Men,End of the Road,1992,22.898,12.287,7.905,8.656,2.567
85,The Fugees,Killing Me Softly With His Song,1996,22.861,3.62,8.439,23.086,1.686
86,Tony Orlando & Dawn,Tie a Yellow Ribbon 'round the Old Oak Tree,1973,22.858,12.339,15.219,6.933,0.593
87,Fergie,Big Girls Don't Cry,2007,22.615,8.695,8.5,7.3,2.02
88,Shocking Blue,Venus,1970,22.535,9.366,12.32,14.32,1.118
89,Eagles,Hotel California,1977,22.532,17.333,6.862,8.99,1.085
90,Bing Crosby,Swinging On a Star,1944,22.468,15.761,2.2,0.571,0.516
91,The Beatles,All You Need is Love,1967,22.448,9.415,13.004,11.93,0.531
92,Chubby Checker,The Twist,1960,22.42,19.039,4.716,1.6,0.567
93,Nelly & Kelly Rowland,Dilemma,2002,22.401,7.323,6.011,15.361,1.41
94,The Beatles,She Loves You,1964,22.398,15.736,10.626,6.88,0.677
95,Beyonce,Crazy in Love,2003,22.139,10.03,3.632,10.282,2.651
96,The Black Eyed Peas,I Gotta Feeling,2009,22.126,8.074,9,14.476,0.567
97,John Lennon,(Just Like) Starting Over,1980,22.094,11.893,10.558,10.674,1.187
98,Culture Club,Do You Really Want to Hurt Me?,1982,22.065,5.67,9.988,19.035,0.55
99,Brandy & Monica,The Boy is Mine,1998,22.026,9.228,5.811,10.457,2.597
100,Madonna,Like a Prayer,1989,21.992,9.617,9.006,18.434,2.026
101,Sean Kingston,Beautiful Girls,2007,21.963,5.274,9.2,8.292,2.85
102,Prince,When Doves Cry,1984,21.902,16.09,8.11,6.376,0.523
103,The Beatles,Yesterday,1965,21.879,16.534,4.319,9.083,1.01
104,The Pussycat Dolls,Don't Cha,2005,21.864,4.957,9.5,12.437,2.059
105,Bee Gees,Night Fever,1978,21.854,11.444,10.437,10.406,1.5
106,Diana Ross,Upside Down,1980,21.735,11.152,7.783,15.726,0.527
107,Madonna,Music,2000,21.688,7.246,7.093,14.284,2.662
108,Nickelback,How You Remind Me,2002,21.637,10.63,4.621,8.406,1.589
109,Archies,Sugar Sugar,1969,21.613,17.318,9.99,10.967,0.635
110,"Christina Aguilera, Lil' Kim, Mya & Pink",Lady Marmalade (Voulez-Vous Coucher Aver Moi Ce Soir?),2001,21.557,6.863,7.834,14.175,1.389
111,A-Ha,Take On Me,1985,21.527,9.177,6.979,20.959,0.566
112,Las Ketchup,The Ketchup Song (Asereje),2002,21.48,1.245,9.1,21.783,1.35
113,The Beatles,Get Back,1969,21.431,12.543,13.53,12.011,0.677
114,Rob Thomas & Santana,Smooth,1999,21.397,13.708,3.909,3.727,2.059
115,Snow,Informer,1993,21.344,5.239,7.168,17.839,2.813
116,Timbaland & OneRepublic,Apologize,2007,21.261,6.729,6,15.711,0.524
117,t.A.T.u.,All the Things She Said,2003,21.261,3.381,7.036,15.184,2.857
118,Take That,Back For Good,1995,21.14,2.414,9.519,15.852,2.09
119,The Beatles,"Hello, Goodbye",1967,21.084,7.574,11.504,11.52,1.049
120,Chicago,If You Leave Me Now,1976,21.072,7.82,12.947,12.564,0.833
121,Aqua,Barbie Girl,1997,21.012,3.172,8.982,19.615,1.059
122,Gnarls Barkley,Crazy,2006,20.983,8.248,5.963,12.739,1.079
123,Blondie,Call Me,1980,20.956,16.632,7.055,8.231,0.524
124,Whitney Houston,I Wanna Dance With Somebody (Who Loves Me),1987,20.902,7.308,10.093,17.132,0.526
125,Elton John & Kiki Dee,Don't Go Breaking My Heart,1976,20.883,7.387,15.289,10.822,0.667
126,Ace of Base,All That She Wants,1993,20.874,5.464,6.514,17.779,2.743
127,Boney M,Rivers of Babylon,1978,20.873,0.734,14.015,22.288,0.526
128,Michael Jackson,Black Or White,1991,20.863,6.303,8.542,18.088,2.634
129,Simon & Garfunkel,Bridge Over Troubled Water,1970,20.863,20.374,10.542,5.521,0.677
130,Chic,Le Freak,1979,20.857,13.249,11.578,9.643,0.76
131,TLC,No Scrubs,1999,20.818,7.598,8.985,8.196,2.067
132,Nancy Sinatra,These Boots Are Made For Walking,1966,20.799,10.266,13.435,8.624,0.51
133,Ray Charles,I Can't Stop Loving You,1962,20.777,14.412,7.094,3.388,0.75
134,Meat Loaf,I'd Do Anything For Love (But I Won't Do That),1993,20.751,5.083,10.109,16.79,0.537
135,Chubby Checker,Let's Twist Again,1961,20.744,6.127,4.692,10.669,0.833
136,Percy Faith,Theme From 'A Summer Place',1960,20.739,15.608,3.649,2.333,1.5
137,LMFAO,Party Rock Anthem,2011,20.722,8.541,7.5,5.05,0
138,James Blunt,You're Beautiful,2005,20.719,7.555,4,14.765,2.373
139,Don McLean,American Pie,1972,20.702,17.712,11.588,4.061,0.51
140,Ben E King,Stand By Me,1961,20.684,14.543,5.36,5.054,0.01
141,"Bryan Adams, Rod Stewart & Sting",All For Love,1994,20.622,5.214,6.6,19.349,1.757
142,Pink,So What,2008,20.607,5.255,8.5,11.703,0.518
143,Phil Collins,Another Day in Paradise,1989,20.584,8.667,5.005,20.807,3.033
144,Paul McCartney & Stevie Wonder,Ebony & Ivory,1982,20.497,7.866,8.133,14.855,0.583
145,Lady GaGa & Colby O'Donis,Just Dance,2008,20.459,7.556,7.743,9.112,0.625
146,Eiffel 65,Blue (Da Ba Dee),1999,20.448,2.457,9.455,22.102,0.556
147,Petula Clark,Downtown,1965,20.447,13.274,7.504,7.632,0.537
148,Michael Jackson,Beat It,1983,20.326,9.948,7.076,15.068,0.625
149,The Human League,Don't You Want Me,1982,20.294,7.954,12.298,8.047,1.032
150,Rick Astley,Never Gonna Give You Up,1987,20.285,5.941,13.056,13.967,0.532
151,Londonbeat,I've Been Thinking About You,1990,20.269,5.181,5.25,20.615,1.715
152,The Kingston Trio,Tom Dooley,1958,20.203,9.107,5.025,7.256,0
153,Bing Crosby & The Andrews Sisters,Don't Fence Me In,1944,20.052,10.829,4.5,0.7,0.518
154,Berlin,Take My Breath Away,1986,20.034,10.779,6.962,11.114,1
155,Beyonce,Irreplaceable,2006,20.027,11.514,5.793,5.432,1.168
156,Nirvana,Smells Like Teen Spirit,1992,19.917,11.165,4.452,13.101,1.978
157,U2,Beautiful Day,2000,19.889,7.554,6.536,13.319,1.512
158,Dinah Shore,Buttons & Bows,1948,19.851,9.604,4.5,0.511,0.537
159,Avril Lavigne,Girlfriend,2007,19.834,5.823,6.5,7.091,3.548
160,George McCrae,Rock Your Baby,1974,19.799,7.486,7.858,15.027,0.566
161,Gloria Gaynor,I Will Survive,1979,19.727,15.035,8.966,7.601,0.667
162,Mariah Carey,Without You,1994,19.661,4.402,6.318,19.523,1.733
163,Abba,Waterloo,1974,19.544,6.399,7.007,17.425,0.01
164,Les Paul & Mary Ford,Vaya Con Dios (may God Be With You),1953,19.525,12.568,2.843,1.51,0.7
165,Vanilla Ice,Ice Ice Baby,1990,19.487,5.516,7.969,13.922,1.114
166,Anton Karas,Third Man Theme,1950,19.48,9.078,5.25,1.591,0.543
167,Abba,Fernando,1976,19.47,3.434,13.096,16.465,0.01
168,R Kelly,I Believe I Can Fly,1997,19.448,7.863,5.902,11.573,1.037
169,Avril Lavigne,Complicated,2002,19.432,5.469,6.419,10.929,2.174
170,The Beatles,Penny Lane,1967,19.365,12.457,11.065,7.624,0.563
171,Eminem & Rihanna,Love The Way You Lie,2010,19.353,5.323,7,6.567,0
172,Adele,Rolling In The Deep,2011,19.322,11.236,3.2,5.2,0
173,Doris Day,Secret Love,1954,19.318,12.203,5.143,0.519,0.559
174,Olivia Newton-John,(Let's Get) Physical,1981,19.308,12.769,6.237,8.945,1
175,Boyz II Men,I'll Make Love to You,1994,19.291,9.544,5.825,4.404,3.077
176,Madonna & Justin Timberlake,Four Minutes,2008,19.271,4.056,6.567,14.355,0.532
177,Bryan Adams,Have You Ever Really Loved a Woman?,1995,19.25,6.098,5.25,13.99,1.375
178,MC Hammer,U Can't Touch This,1990,19.235,6.939,5.833,13.19,2.047
179,Gotye & Kimbra,Somebody That I Used to Know,2012,19.226,8.099,5.5,7,0
180,Starsound,Stars On 45,1981,19.173,5.947,10.1,15.311,0.511
181,Lipps Inc,Funkytown,1980,19.117,9.795,7.311,17.964,0
182,Nat King Cole,Too Young,1951,19.108,12.777,3,0.533,0.643
183,The Backstreet Boys,I Want it That Way,1999,19.096,5.536,4.313,16.374,2.156
184,Celine Dion,Because You Loved Me,1996,19.083,9.554,4.2,6.037,2.644
185,Falco,Rock Me Amadeus,1986,19.049,5.462,10.583,16.567,0.55
186,Bruno Mars,Grenade,2011,19.047,7.791,6.548,5.024,0
187,The Beach Boys,Good Vibrations,1966,19.003,17.434,10.12,7.098,0
188,Bee Gees,(The Lights Went Out In) Massachusetts,1967,19.002,2.507,8.763,11.38,2.573
189,Dionne Warwick & Friends,That's What Friends Are For,1986,19.002,13.248,7.205,4.223,0.6
190,The Animals,House of the Rising Sun,1964,18.968,14.982,8.021,5.414,0.591
191,Britney Spears,Toxic,2004,18.941,7.078,7.021,9.014,1.172
192,Cyndi Lauper,Girls Just Wanna Have Fun,1984,18.927,9.557,9.944,10.477,0.567
193,Pink,Get the Party Started,2002,18.895,5.607,6.536,10.53,1.652
194,Tennessee Ernie Ford,Sixteen Tons,1955,18.843,11.509,5.001,0.833,0.643
195,Mary Hopkin,Those Were the Days,1968,18.84,7.728,9.343,13.241,1.091
196,The Beatles,I Feel Fine,1964,18.837,9.813,10.826,6.671,0.563
197,Jo Stafford,You Belong to Me,1952,18.837,12.15,8.01,0,0
198,The Beatles,Paperback Writer,1966,18.833,10.522,10.084,8.331,0.51
199,Lynn Anderson,I Beg Your Pardon (I Never Promised You a Rose Garden),1971,18.807,7.872,11.446,11.412,0.567
200,Tina Turner,What's Love Got to Do With It?,1984,18.807,11.845,8.455,7.417,0.519
201,Band Aid,Do They Know It's Christmas?,1984,18.791,3.756,13.638,17.771,0.526
202,The Rolling Stones,Honky Tonk Woman,1969,18.788,15.873,11.792,6.902,0.529
203,Mariah Carey & Boyz II Men,One Sweet Day,1995,18.785,9.143,5.197,4.631,1.89
204,Roberta Flack,Killing Me Softly With His Song,1973,18.705,14.307,9.852,3.926,0.667
205,Katy Perry,Hot 'n' cold,2008,18.641,5.29,3.913,15.778,0.556
206,TLC,Waterfalls,1995,18.631,10.17,3.395,7.423,1.231
207,Roxette,It Must Have Been Love,1990,18.611,5.633,5.962,13.79,2.099
208,Bee Gees,Tragedy,1979,18.607,6.83,11.831,14.576,0.625
209,The Beatles,A Hard Day's Night,1964,18.581,10.2,11.408,5.764,0.667
210,Los Lobos,La Bamba,1987,18.546,7.179,10.559,11.013,0.537
211,The Chordettes,Mister Sandman,1954,18.533,13.994,5.091,0,0.537
212,Rod Stewart,Maggie May,1971,18.501,16.306,11.747,3.692,0.611
213,Phil Collins,A Groovy Kind of Love,1988,18.476,5.102,8.969,13.01,1.156
214,Zager & Evans,In the Year 2525 (Exordium & Terminus),1969,18.463,9.338,11.054,12.022,0.515
215,Mariah Carey,Fantasy,1995,18.463,6.451,6.292,5.932,2.653
216,George Michael,Faith,1987,18.455,9.446,7.398,10.878,0.526
217,Foreigner,I Want to Know What Love Is,1985,18.45,6.971,13.04,11.316,0.583
218,Elvis Presley,Heartbreak Hotel,1956,18.448,15.536,2.295,1.163,0.527
219,Beyonce & Shakira,Beautiful Liar,2007,18.439,3.876,5.52,13.973,1.417
220,Elvis Presley,Suspicious Minds,1969,18.423,14.456,14.57,5.653,0.522
221,Elton John,Crocodile Rock,1973,18.41,8.601,8.15,10.092,0.563
222,Madonna,Papa Don't Preach,1986,18.398,6.318,9.14,15.331,0.514
223,Toni Braxton,Un-Break My Heart,1996,18.373,6.78,2.925,13.176,2.628
224,The Black Eyed Peas,Shut Up,2003,18.372,1.283,6.563,19.524,0.7
225,Eric Clapton,Tears in Heaven,1992,18.351,10.959,5.705,5.546,2.096
226,Carly Simon,You're So Vain,1973,18.304,12.907,10.95,3.911,0.521
227,Will Smith,Men in Black,1997,18.295,2.299,8.069,15.25,1.85
228,Evanescence,Bring Me to Life,2003,18.276,5.543,4,13.237,1.687
229,Diana Ross & Lionel Richie,Endless Love,1981,18.254,15.366,6.435,3.865,0.7
230,David Bowie,Let's Dance,1983,18.247,7.122,9.042,19.881,0
231,Steve Miller Band,Abracadabra,1982,18.223,7.691,7.838,11.37,0.518
232,Wet Wet Wet,Love is All Around,1994,18.203,1.049,9.767,16.63,1.772
233,Akon,Lonely,2005,18.195,3.596,6.583,13.893,1.67
234,Michael Jackson,You Are Not Alone,1995,18.187,4.582,6.292,13.548,1.127
235,Christina Aguilera,Genie in a Bottle,1999,18.172,5.576,4.086,16.134,1.568
236,Everything But The Girl,Missing,1996,18.167,5.481,4.329,15.931,1.581
237,Savage Garden,Truly Madly Deeply,1998,18.137,6.905,7.155,7.552,1.709
238,The Mills Brothers,Paper Doll,1943,18.093,12.53,1,0.833,0.527
239,Bobby McFerrin,Don't Worry Be Happy,1988,18.052,7.135,5.45,13.346,1.086
240,Bee Gees,How Deep is Your Love?,1978,18.03,10.445,7.936,7.983,1.211
241,Alicia Keys,Fallin',2001,18.018,8.103,2.854,12.664,1.074
242,Eamon,F**k it (I Don't Want You Back),2004,18.002,2.895,7.034,16.264,0.52
243,Shaggy,Boombastic,1995,17.973,4.005,7.375,12.297,1.046
244,Patti Page,Tennessee Waltz,1950,17.91,13.969,3,0,0.53
245,Frankie Goes To Hollywood,Relax,1984,17.858,5.664,9.489,17.409,0.525
246,Lady GaGa,Bad Romance,2009,17.847,8.446,5.138,12.202,0.512
247,Elvis Presley,Hound Dog,1956,17.84,14.892,1.667,1.608,0.569
248,Madonna,Frozen,1998,17.789,4.579,2.777,16.705,2.544
249,Christina Aguilera,Beautiful,2003,17.777,5.364,8.027,7.084,1.03
250,Chumbawamba,Tubthumping,1997,17.766,4.324,9.488,7.384,1.583
251,Fats Domino,Blueberry Hill,1956,17.709,11.573,0.667,4.576,0.514
252,Elvis Presley & JXL,A Little Less Conversation,2002,17.674,1.821,10.029,10.992,1.355
253,Domenico Modugno,Volare,1958,17.67,9.719,4.467,3.029,0.7
254,Alicia Keys,No One,2007,17.632,8.353,2.288,10.207,2.067
255,Donna Summer,Hot Stuff,1979,17.619,13.075,6.301,9.29,0.512
256,The Pet Shop Boys,West End Girls,1986,17.615,7.704,9.557,8.252,1.034
257,The Bangles,Walk Like an Egyptian,1986,17.58,9.634,7.602,8.37,0.52
258,Mariah Carey,We Belong Together,2005,17.556,12.129,3.05,4.634,1.101
259,Daniel Powter,Bad Day,2005,17.539,8.848,3.067,6.194,3
260,Four Non Blondes,What's Up?,1993,17.509,4.108,4.101,20.505,1.811
261,Janet Jackson,That's the Way Love Goes,1993,17.495,7.304,6.625,4.269,2.86
262,Queen,Another One Bites the Dust,1980,17.481,13.778,4.996,7.758,0.536
263,Carly Rae Jepsen,Call Me Maybe,2012,17.47,7.746,6,4.444,0
264,J Geils Band,Centrefold,1982,17.428,11.247,7.919,4.18,0.529
265,Nelly Furtado & Timbaland,Promiscuous,2006,17.424,8.393,5.533,6.45,1.056
266,Patrick Hernandez,Born to Be Alive,1979,17.42,4.194,9.05,19.093,0.541
267,Culture Beat,Mr Vain,1993,17.419,2.897,6.343,18.788,1.577
268,U2,With Or Without You,1987,17.402,10.326,5.385,9.073,0.7
269,Rihanna,Don't Stop the Music,2007,17.375,4.751,3.333,16.677,0.523
270,Seal,Kiss From a Rose,1995,17.371,9.827,3.801,4.53,1.233
271,Bon Jovi,Always,1994,17.371,5.316,5.17,13.61,1.993
272,Bryan Adams,Please Forgive Me,1993,17.369,3.39,7.812,13.488,1.829
273,Pat Boone,Speedy Gonzales,1962,17.367,2.933,3.574,10.282,0.521
274,Tears For Fears,Shout,1985,17.367,6.413,9.384,14.432,0.516
275,Bonnie Tyler,Total Eclipse of the Heart,1983,17.336,6.371,13.251,7.796,0.521
276,Wham!,Wake Me Up Before You Go Go,1984,17.323,6.288,10.569,12.918,0.521
277,The Crew-Cuts,Sh-Boom (Life Could Be a Dream),1954,17.31,10.118,3.479,1.894,0.577
278,Green Day,Boulevard of Broken Dreams,2005,17.287,11.558,1.228,6.804,1.836
279,The Beatles,Yellow Submarine,1966,17.238,8.079,12.502,9.292,0
280,Bill Medley & Jennifer Warnes,(I've Had) the Time of My Life,1987,17.236,8.922,8.671,6.182,0.833
281,Bon Jovi,Blaze of Glory,1990,17.195,7.778,5.688,8.17,1.732
282,Eminem,Stan,2000,17.191,3.681,6.735,18.894,0.556
283,The Platters,Smoke Gets in Your Eyes,1959,17.102,5.039,8.173,3.49,0.833
284,Lionel Richie,"Say You, Say Me",1985,17.069,9.793,6.625,9.708,0.567
285,Mr Big,To Be With You,1992,17.051,5.049,6.479,15.805,1.777
286,Simon & Garfunkel,The Sounds of Silence,1966,17.033,15.006,3.628,3.873,2.778
287,Harry Nilsson,Without You,1972,17.013,10.74,13.849,2.942,0.611
288,Men At Work,Down Under,1982,16.988,6.966,12.542,8.854,0
289,Sheryl Crow,All I Wanna Do,1994,16.868,9.534,4.787,4.185,1.798
290,Rednex,Cotton Eye Joe,1994,16.865,3.825,4.926,17.256,1.623
291,The Rolling Stones,Jumpin' Jack Flash,1968,16.862,11.371,8.616,9.052,0.513
292,UB40,Red Red Wine,1983,16.839,6.226,11.768,6.742,1.214
293,Soft Cell,Tainted Love,1981,16.784,6.644,12.92,11.235,0
294,LeAnn Rimes,Can't Fight the Moonlight,2001,16.765,3.624,8.753,12.074,0.54
295,Shaggy & Ricardo 'RikRok' Ducent,It Wasn't Me,2001,16.758,3.911,6.571,13.399,1.214
296,Teresa Brewer,(Put Another Nickel In) Music! Music! Music!,1950,16.717,9.167,6,0,0.516
297,Dexys Midnight Runners,Come On Eileen,1982,16.688,6.615,14.106,6.842,0
298,Bruno Mars,Just the Way You Are,2010,16.663,6.355,6.625,3.025,0
299,Rocco Granata,Marina,1960,16.659,0.732,0.625,13.333,0.521
300,Jennifer Lopez,If You Had My Love,1999,16.642,4.814,5.809,11.46,1.706
301,David Guetta & Akon,Sexy Chick (sexy Bitch),2009,16.638,4.751,7.75,11.323,0.511
302,Britney Spears,Oops!... I Did it Again,2000,16.598,3.751,6.538,15.445,1.356
303,Lady GaGa,Born This Way,2011,16.597,4.247,5.958,6.532,0
304,N Sync,"Bye, Bye, Bye",2000,16.476,5.865,6.533,9.227,1.595
305,Donna Summer,I Feel Love,1977,16.47,9.033,7.192,13.933,0
306,Lionel Richie,All Night Long (All Night),1983,16.446,7.349,8.712,9.561,0.553
307,Dido,White Flag,2003,16.446,3.606,4,15.953,0.625
308,Les Brown & Doris Day,Sentimental Journey,1945,16.44,13.594,0,0.527,0.523
309,The Byrds,Mr Tambourine Man,1965,16.42,13.395,5.674,4.691,0.525
310,Gerry Rafferty,Baker Street,1978,16.406,7.148,10.014,8.966,0.526
311,Jennifer Lopez & Pitbull,On The Floor,2011,16.404,4.674,5.1,6.75,0
312,Elvis Presley,All Shook Up,1957,16.347,9.971,5.649,1.626,0.01
313,The Beatles,Ticket to Ride,1965,16.319,9.967,8.835,6.603,0
314,Natalie Imbruglia,Torn,1998,16.312,3.885,4.949,13.166,1.984
315,REM,Losing My Religion,1991,16.295,11.668,2.123,10.304,1.597
316,Haddaway,What is Love?,1993,16.286,4.828,3.751,18.7,1.055
317,Scott McKenzie,San Francisco (Wear Some Flowers in Your Hair),1967,16.28,4.381,8.56,10.287,0.587
318,The Andrews Sisters,Rum & Coca-Cola,1945,16.279,10.31,1.5,0.667,0.553
319,U2,I Still Haven't Found What I'm Looking For,1987,16.269,11.519,4.399,5.642,0.6
320,Roxette,Joyride,1991,16.258,4.152,4.327,19.31,2.591
321,Billy Swan,I Can Help,1975,16.254,7.666,6.955,15.375,0
322,Robert Miles,Children,1996,16.253,2.293,3.544,21.46,1.187
323,The Goo Goo Dolls,Iris,1998,16.252,7.562,5.544,6.031,1.129
324,Shaggy,Angel,2001,16.22,3.852,5.752,15.536,0.556
325,Nelly Furtado,Say It Right,2007,16.215,6.835,2.64,12.639,0.538
326,Otis Redding,(Sittin' On) the Dock of the Bay,1968,16.211,18.351,4.305,5.387,0.52
327,Sam The Sham & The Pharaohs,Wooly Bully,1965,16.177,15.326,1.591,6.491,0.522
328,Elvis Presley,Don't Be Cruel,1956,16.15,14.351,0.542,1.641,0.553
329,Kris Kross,Jump,1992,16.142,6.275,6.067,10.962,1.799
330,Abba,SOS,1975,16.122,3.441,9.031,11.629,1.033
331,OutKast,Ms Jackson,2001,16.11,6.091,2.071,16.179,0.55
332,Bonnie Tyler,It's a Heartache,1978,16.089,5.3,9.004,12.168,0.513
333,The Rolling Stones,Paint it Black,1966,16.055,11.702,7.758,8.531,0
334,The Everly Brothers,Cathy's Clown,1960,16.05,9.107,5.174,3.31,0.52
335,Katy Perry & Snoop Dogg,California Gurls,2010,16.049,5.828,6.7,2.905,0
336,Maroon 5 & Christina Aguilera,Moves Like Jagger,2011,16.021,5.347,6.333,4.583,0
337,Bee Gees,Too Much Heaven,1979,15.998,6.209,10.083,11.309,0.833
338,Dick Haymes,You'll Never Know,1943,15.981,11.269,0.833,0.517,0.556
339,The Beatles,Come Together,1969,15.971,11.772,8.437,8.116,0.517
340,The Knack,My Sharona,1979,15.964,12.078,7.102,6.483,0.524
341,Lobo,I'd Love You to Want Me,1973,15.925,5.006,10.575,8.7,0.01
342,The Black Eyed Peas,Boom Boom Pow,2009,15.922,7.973,5.35,7.309,0.643
343,The Monkees,Daydream Believer,1967,15.921,9.367,10.774,4.215,1.559
344,Kanye West & Jamie Foxx,Gold Digger,2005,15.916,9.78,4.656,2.686,1.11
345,John Lennon,Woman,1981,15.86,6.638,9.774,7.047,1.095
346,Jefferson Starship,Nothing's Gonna Stop Us Now,1987,15.849,7.388,7.869,8.312,0.528
347,Phil Collins,Against All Odds (Take a Look At Me Now),1984,15.812,7.682,7.91,9.857,0.531
348,Scatman John,Scatman (Ski-Ba-Bop-Ba-Dop-Bop),1995,15.8,1.05,2.833,19.167,3.011
349,The Black Eyed Peas,Don't Phunk With My Heart,2005,15.793,4.359,4.41,9.587,2.548
350,Nena,99 Red Balloons,1983,15.791,5.159,10.14,16.274,0
351,Elvis Presley,Surrender,1961,15.784,4.716,8.602,5.217,0.653
352,Gene Autry,"Rudolph, the Red-Nosed Reindeer",1949,15.779,12.604,1.5,0,0.01
353,Oasis,Wonderwall,1996,15.769,6.266,6.548,7.476,0.563
354,The Tornados,Telstar,1962,15.768,5.02,8.745,6.504,0
355,Queen,Crazy Little Thing Called Love,1980,15.762,9.369,8.419,5.523,0.833
356,Katy Perry,Firework,2010,15.76,9.192,4.375,1.292,0
357,Rihanna,Only girl (in the world),2010,15.759,5.478,6.643,3.059,0
358,Paul McCartney & Michael Jackson,Say Say Say,1983,15.751,6.582,6.406,12.747,0.522
359,U2,Desire,1988,15.738,4.6,8,8.462,1.5
360,Kanye West,Stronger,2007,15.704,8.365,5.053,2.487,1.67
361,The Righteous Brothers,You've Lost That Lovin' Feelin',1964,15.698,19.739,5.499,1.689,0.01
362,Michael Jackson & Janet Jackson,Scream,1995,15.697,4.253,2.861,12.562,2.541
363,Elvis Presley,Return to Sender,1962,15.671,7.172,9.503,4.567,0
364,Norman Greenbaum,Spirit in the Sky,1970,15.669,11.141,10.022,9.065,0
365,Prince,The Most Beautiful Girl in the World,1994,15.666,4.651,6.057,9.698,1.84
366,Nat King Cole,Unforgettable,1951,15.659,9.477,5.012,0.516,0
367,Boney M,Ma Baker,1977,15.655,1.223,4.292,21.032,0.526
368,Wings,Mull of Kintyre,1977,15.637,1.24,13.808,15.809,0
369,Offspring,Pretty Fly (For a White Guy),1999,15.634,1.759,5.903,13.178,2.845
370,Madonna,Like a Virgin,1984,15.63,9.012,7.527,6.546,0.643
371,The Mamas & The Papas,Monday Monday,1966,15.624,13.322,4.907,6.055,0.529
372,Buddy Holly,That'll Be the Day,1957,15.617,13.125,5.016,0.577,0
373,Gwen Stefani,Hollaback Girl,2005,15.607,9.286,2.659,6.838,1.047
374,Destiny's Child,Lose My Breath,2004,15.602,5.37,3.031,9.328,2.553
375,Madonna,Take a Bow,1995,15.593,6.776,2.063,7.488,2.798
376,Johnnie Ray,Cry,1951,15.587,13.538,1.5,0.515,0
377,Del Shannon,Runaway,1961,15.584,10.527,7.63,1.45,0.543
378,Janet Jackson,Together Again,1998,15.573,4.083,3.23,13.672,2.045
379,Paul Anka,Diana,1957,15.561,3.99,7.563,3.17,0.573
380,Jerry Lee Lewis,Great Balls of Fire,1957,15.549,8.888,4.567,3.679,0
381,Guns n' Roses,Sweet Child O' Mine,1988,15.548,11.414,1.736,3.816,1.181
382,Flo-Rida & Ke$ha,Right Round,2009,15.542,5.693,6.7,8.774,0.521
383,Elvis Presley,(Now & then There's) A Fool Such As I,1959,15.525,5.672,9.005,3.306,0
384,10CC,I'm Not in Love,1975,15.524,6.394,7.309,8.223,1.392
385,Anita Ward,Ring My Bell,1979,15.509,6.824,8.383,11.801,0.591
386,Rod Stewart,Do Ya Think I'm Sexy?,1979,15.483,8.683,8.896,8.652,0.528
387,Taio Cruz,Dynamite,2010,15.464,5.672,6.833,2.333,0
388,Jason Mraz,I am Yours,2008,15.463,6.454,3.802,9.001,0.542
389,Mario,Let Me Love You,2005,15.454,6.488,3.333,11.648,0.553
390,Enigma,Sadeness,1991,15.434,3.203,4.004,21.769,1.838
391,Snap,Rhythm is a Dancer,1992,15.425,4.969,4.844,18.929,0.625
392,M,Pop Muzik,1979,15.418,7.014,9.762,14.742,0
393,Alanis Morissette,Ironic,1996,15.413,7.026,3.143,8.352,1.58
394,Lionel Richie,Hello,1984,15.404,4.976,10.077,11.587,0.534
395,Johnny Horton,Battle of New Orleans,1959,15.4,13.594,4.732,0.571,0
396,Bon Jovi,Livin' On a Prayer,1987,15.359,7.376,5.509,7.893,1.5
397,Enrique Iglesias,Hero,2001,15.357,3.132,8.482,9.25,1.041
398,The Sweet,The Ballroom Blitz,1973,15.353,5.792,11.454,8.624,0
399,Ke$ha,Tik-Toc,2009,15.351,9.694,5.861,6.417,0
400,Timbaland & Keri Hilson,The Way I Are,2007,15.331,4,6.591,8.178,0.511
401,Phil Collins,In the Air Tonight,1981,15.329,5.651,7.283,15.724,0
402,Frank Sinatra,Five Minutes More,1946,15.313,7.014,4.5,0.591,0.531
403,Vanessa Carlton,A Thousand Miles,2002,15.298,5.843,3.167,7.342,2.214
404,Al Jolson,Swanee,1920,15.297,11.348,0,0.545,0.7
405,Al Martino,Here in My Heart,1952,15.292,7.962,8.115,0,0
406,Kid Rock,All summer long,2008,15.289,3.924,5.1,13.912,0
407,Van Halen,Jump,1984,15.285,8.589,5.22,8.806,1.037
408,Peter Gabriel,Sledgehammer,1986,15.285,9.577,4.155,7.952,0.519
409,Adele,Someone Like You,2011,15.274,4.851,5.35,5.25,0
410,Fifth Dimension,Aquarius/Let The Sunshine In,1969,15.255,17.696,6.483,3.247,0.75
411,Gordon Jenkins & The Weavers,"Goodnight, Irene",1950,15.241,11.535,4.6,0,0
412,Roxette,The Look,1989,15.202,5.297,4.978,17.019,1.529
413,F R David,Words,1982,15.187,0.516,6.001,23.295,0
414,Sixpence None The Richer,Kiss Me,1999,15.161,6.535,4.893,5.375,1.885
415,Irene Cara,Fame,1980,15.159,9.656,7.086,6.333,0.523
416,Tommy James & the Shondells,Crimson & Clover,1969,15.147,9.722,8.95,8.038,0.571
417,Fine Young Cannibals,She Drives Me Crazy,1989,15.136,8.177,6.407,9.757,1.284
418,Led Zeppelin,Whole Lotta Love,1970,15.106,12.478,8.055,8.709,0
419,Michael Jackson,Don't Stop 'Til You Get Enough,1979,15.097,8.66,8.767,7.867,0.583
420,Hot Butter,Popcorn,1972,15.066,4.06,5.944,16.352,0
421,The Bangles,Eternal Flame,1989,15.055,5.757,7.759,10.875,1.6
422,Santana,Maria Maria,2000,15.047,5.383,2.167,15.607,1.105
423,Captain & Tennille,Love Will Keep Us Together,1975,15.023,12.171,7.885,1.267,0.553
424,Billy Ocean,Get Outta My Dreams Get Into My Car,1988,14.964,3.943,9.23,9.029,0.519
425,Perez Prado,Cherry Pink & Apple Blossom White,1955,14.946,6.834,3.505,2.5,0.75
426,Ini Kamoze,Here Comes the Hotstepper,1995,14.945,5.688,3.6,9.614,1.082
427,The Box Tops,The Letter,1967,14.934,15.621,6.274,5.869,0
428,Pee Wee Hunt,12th Street Rag,1948,14.914,7.483,4.5,0,0.527
429,Kool & The Gang,Celebration,1981,14.896,11.837,6.207,3.205,0.532
430,The Platters,Only You (And You Alone),1955,14.896,7.475,0.7,4.295,0.75
431,Exile,Kiss You All Over,1978,14.886,6.619,9.5,7.266,0.559
432,The Kinks,Lola,1970,14.883,9.343,9.267,6.507,0.51
433,Bachman-Turner Overdrive,You Ain't Seen Nothin' Yet,1974,14.876,8.524,10.562,7.9,0
434,All Saints,Never Ever,1998,14.858,3.085,9.269,7.487,1.061
435,The Four Seasons,December 1963 (Oh What a Night),1976,14.855,9.985,8.828,4.144,0.591
436,Tears For Fears,Everybody Wants to Rule the World,1985,14.851,7.249,8.582,6.079,1.058
437,Al Dexter & his Troopers,Pistol Packin' Mama,1943,14.85,12.552,0,0.512,0.512
438,Snap,The Power,1990,14.85,5.336,2.501,14.095,1.725
439,Richard Marx,Right Here Waiting,1989,14.833,4.628,8.063,9.29,2.605
440,Pat Boone,Love Letters in the Sand,1957,14.828,5.767,6.625,2.124,0.524
441,The Rolling Stones,Brown Sugar,1971,14.81,11.564,6.829,6.398,0.514
442,Akon,Smack That,2006,14.786,4.819,5.038,8.348,1.065
443,Nat King Cole,Nature Boy,1948,14.779,11.42,0,0.511,0.577
444,Coldplay,Viva La Vida,2008,14.768,7.518,2.78,11.482,0
445,Paul & Paula,Hey Paula,1963,14.733,6.89,6.299,3.705,0.517
446,Kingsmen,Louie Louie,1963,14.729,14.762,4.424,0,0.524
447,The Ronettes,Be My Baby,1963,14.72,14.608,3.26,1.361,0
448,The Manhattans,Kiss & Say Goodbye,1976,14.716,8.724,6.317,7.904,0.529
449,Three Dog Night,Joy to the World,1971,14.698,17.042,6.886,1.619,0.554
450,Olivia Newton-John & Electric Light Orchestra,Xanadu,1980,14.679,3.123,4.555,16.465,0.563
451,Elvis Presley,Can't Help Falling in Love,1962,14.678,9.82,7.65,1.124,0.514
452,Marvin Gaye,I Heard it Through the Grapevine,1968,14.667,18.924,5.889,1.62,0.517
453,Red Hot Chili Peppers,Under the Bridge,1992,14.666,9.033,4.1,6.911,1.037
454,Elvis Presley,In the Ghetto,1969,14.623,9.112,10.503,10.035,0
455,Perry Como,Don't Let the Stars Get in Your Eyes,1953,14.582,10.037,6.504,0,0
456,The Doors,Light My Fire,1967,14.565,17.435,6.425,4.24,0
457,The Beatles,The Ballad of John & Yoko,1969,14.548,4.931,7.501,11.909,0.53
458,The Eurythmics,Sweet Dreams (Are Made of This),1983,14.54,9.465,5.71,9.69,0
459,The Beatles,Can't Buy Me Love,1964,14.537,9.156,8.835,3.783,0.621
460,Dean Martin,Memories Are Made of This,1956,14.534,6.002,6.503,1.061,0.517
461,The Drifters,Save the Last Dance For Me,1960,14.533,9.344,7.191,2.355,0
462,Neil Young,Heart of Gold,1972,14.51,12.1,5.307,5.171,0.511
463,Jennifer Lopez,Love Don't Cost a Thing,2001,14.506,2.725,5.523,10.879,2.053
464,The Scissor Sisters,I Don't Feel Like Dancin',2006,14.483,0.739,3.7,16.148,1.567
465,Jive Bunny & The Mastermixers,Swing the Mood,1989,14.475,2.365,7.971,15.119,1.645
466,Kitty Kallen,Little Things Mean a Lot,1954,14.474,10.445,6.536,0,0
467,Madonna,Who's That Girl?,1987,14.472,4.557,6.169,13.692,0.534
468,Tom Jones,She's a Lady,1971,14.451,8.347,7.659,7.707,0.527
469,Extreme,More Than Words,1991,14.439,6.428,5.626,7.818,2.136
470,Nancy Sinatra & Frank Sinatra,Somethin' Stupid,1967,14.435,9.342,11.52,3.587,0.6
471,Right Said Fred,I'm Too Sexy,1991,14.435,5.774,7.403,5.083,2.278
472,Vera Lynn,Auf Wiederseh'n Sweetheart,1952,14.432,8.763,6.6,0,0
473,Creedence Clearwater Revival,Proud Mary,1969,14.429,14.752,6.23,4.862,0.556
474,U2,"Hold Me, Thrill Me, Kiss Me, Kill Me",1995,14.425,2.692,6.813,9.395,0.75
475,Glenn Miller,Moonlight Serenade,1939,14.42,8.578,0.583,1.097,0.553
476,Crash Test Dummies,Mmm Mmm Mmm Mmm,1994,14.409,4.85,4.113,12.322,1.031
477,Creedence Clearwater Revival,Up Around the Bend,1970,14.394,8.352,8.101,7.505,0.513
478,Rihanna,Disturbia,2008,14.39,6.568,2.879,8.417,0.611
479,Elton John,Something About the Way You look Tonight,1997,14.361,4.245,6.288,7.4,1.115
480,Bobby Goldsboro,Honey,1968,14.34,10.858,13.135,2.708,0.541
481,Eminem,Just Lose It,2004,14.34,3.613,5.032,8.248,1.864
482,Musical Youth,Pass the Dutchie,1982,14.339,3.166,10.493,11.829,0
483,Chicago,Hard to Say I'm Sorry,1982,14.326,6.61,5.421,8.624,0.545
484,Joe Cocker & Jennifer Warnes,Up Where We Belong,1982,14.311,10.761,7.595,3.492,0
485,Isaac Hayes,Theme From 'Shaft',1971,14.282,16.298,3.85,4.301,0.537
486,B J Thomas,Raindrops Keep Falling On My Head,1970,14.278,15.294,6.868,2.679,0.625
487,John Fred & The Playboy Band,Judy in Disguise (With Glasses),1968,14.277,8.776,5.516,9.339,0.526
488,"Pitbull, Ne-Yo, Afrojack & Nayer",Give Me Everything,2011,14.27,6.356,5.143,3.053,0
489,Billy Joel,The River of Dreams,1993,14.258,4.591,4.892,8.506,2.091
490,Joan Osborne,One of Us,1996,14.232,5.863,4.753,6.336,1.277
491,Lisa Stansfield,All Around the World,1990,14.214,4.917,2.751,12.867,1.752
492,Alannah Myles,Black Velvet,1990,14.211,6.642,2.586,11.374,1.17
493,Beyonce,If I Were a Boy,2008,14.21,3.49,3.123,12.397,0.522
494,Trini Lopez,If I Had a Hammer,1963,14.199,3.651,2.951,7.534,0.521
495,Roberta Flack,The First Time Ever I Saw Your Face,1972,14.173,12.846,8.755,0.611,0.75
496,Crazy Frog,Axel F,2005,14.161,1.27,7.461,11.148,0.522
497,Elvis Presley,(You're The) Devil in Disguise,1963,14.158,4.374,5.333,7.509,0
498,The Beatles,Lady Madonna,1968,14.152,8.398,10.076,9.552,0
499,Dire Straits,Money For Nothing,1985,14.152,8.594,5.35,5.353,1.072
500,Francis Craig,Near You,1947,14.148,11.845,0,0.512,0.542
501,Elvis Presley,Good Luck Charm,1962,14.123,6.413,7.082,5.005,0
502,Frankie Avalon,Venus,1959,14.123,5.272,4.796,3.708,0.527
503,The Commodores,Three Times a Lady,1978,14.117,7.108,11.63,2.726,0.537
504,Glenn Miller,Chattanooga Choo Choo,1941,14.11,11.936,0,0.519,0.577
505,Mariah Carey,Vision of Love,1990,14.106,7.617,3.611,3.512,2.846
506,Tony Orlando & Dawn,Knock Three Times,1971,14.103,9.117,10.986,3.587,0.531
507,Amii Stewart,Knock On Wood,1979,14.081,7.975,6.725,9.068,0.51
508,Les Paul & Mary Ford,How High the Moon,1951,14.081,15.149,0,0,0.559
509,Percy Faith,The Song From Moulin Rouge (Where Is Your Heart),1953,14.057,10.18,1.5,0.532,0.567
510,Abba,The Winner Takes it All,1980,14.052,5.582,5.111,11.655,0.533
511,The Carpenters,(They Long to Be) Close to You,1970,14.029,14.331,7.667,2.578,0.534
512,Frankie Valli,Grease,1978,13.997,8.189,7.214,5.902,0.55
513,Rihanna,SOS (Rescue Me),2006,13.991,5.772,3.077,8.934,1.083
514,Chris de Burgh,The Lady in Red,1986,13.982,3.534,9.794,8.972,0.833
515,The Beatles,Strawberry Fields Forever,1967,13.968,8.999,7.39,5.456,0.643
516,Tiffany,I Think We're Alone Now,1988,13.961,4.388,8.917,6.288,0.511
517,Duffy,Mercy,2008,13.955,2.204,3.514,16.571,0
518,Rod Stewart,Tonight's the Night (Gonna Be Alright),1976,13.929,11.967,5.792,3.345,0.577
519,R Kelly,Ignition,2003,13.919,6.028,7.45,0.556,0.532
520,Elton John,Goodbye Yellow Brick Road,1973,13.889,10.377,7.131,2.661,0.833
521,Christina Aguilera,Ain't No Other Man,2006,13.884,5.891,2.429,6.289,2.596
522,D12,My Band,2004,13.873,3.907,4.543,7.596,1.887
523,Barbra Streisand,The Way We Were,1974,13.862,17.263,4.199,0.511,0.519
524,"Robin Thicke, T.I. & Pharrell Williams",Blurred Lines,2013,13.861,8.48,5.5,3.7,0
525,The Sweet,Fox On the Run,1975,13.86,5.498,9.335,9.558,0
526,C&C Music Factory,Gonna Make You Sweat (Everybody Dance Now),1991,13.852,7.38,1.377,11.551,2.767
527,Michael Jackson,Thriller,1984,13.844,7.394,3.162,12.631,0.556
528,Rihanna,Take a Bow,2008,13.843,5.602,5.54,4.729,0.538
529,Ray Parker Jr,Ghostbusters,1984,13.827,6.845,8.622,10.943,0
530,Enigma,Return to Innocence,1994,13.814,5.185,2.833,10.03,2.024
531,Bob Dylan,Like a Rolling Stone,1965,13.788,15.635,3.557,2.245,0.511
532,Uncle Kracker,Follow Me,2001,13.781,2.454,7.374,9.377,1.025
533,Gwen Stefani & Akon,The Sweet Escape,2007,13.77,5.367,3.111,7.501,1.524
534,The Rolling Stones,Miss You,1978,13.76,8.193,5.461,7.483,0.524
535,The Platters,The Great Pretender,1956,13.752,11.786,2.2,1.752,0
536,Champs,Tequila,1958,13.733,9.618,2.777,1.303,0.534
537,Wings,Silly Love Songs,1976,13.695,11.38,6.626,2.909,0.525
538,Plain White T's,Hey There Delilah,2007,13.687,7.14,3.048,10.498,0
539,George Michael,Jesus to a Child,1996,13.664,2.642,5.521,11.328,1.208
540,INXS,Need You Tonight,1988,13.662,9.113,2.716,3.446,1.052
541,Amy Winehouse,Rehab,2007,13.659,8.964,0.643,6.712,1.348
542,Mariah Carey,Dreamlover,1993,13.646,7.792,2.111,2.901,3.033
543,Kate Bush,Wuthering Heights,1978,13.643,1.764,10.777,10.437,0.525
544,The Four Tops,Reach Out (I'll Be There),1966,13.629,15.097,3.705,3.299,0.51
545,Babylon Zoo,Spaceman,1996,13.598,0.2,4.463,20.166,0.643
546,New Vaudeville Band,Winchester Cathedral,1966,13.597,8.979,8.835,3.802,0.522
547,Stevie Wonder,Superstition,1973,13.596,14.306,2.441,3.453,0.516
548,Lauryn Hill,Doo Wop (That Thing),1998,13.593,7.654,1.858,2.421,2.553
549,Eminem,The Real Slim Shady,2000,13.591,5.371,4.101,10.617,0.51
550,Madonna,Justify My Love,1990,13.586,6.037,3,8.644,1.881
551,The B52s,Love Shack,1989,13.585,8.976,7.57,2.467,1.228
552,Elton John,Can You Feel the Love Tonight,1994,13.56,7.535,2.071,6.354,1.761
553,Al Green,Let's Stay Together,1972,13.542,17.293,2.907,0.75,0.545
554,Diana King,Shy Guy,1995,13.513,2.363,2.038,12.714,3
555,Jennifer Paige,Crush,1998,13.492,3.98,6.824,7.5,0.611
556,Prince,Batdance,1989,13.487,4.703,5.056,9.809,3
557,Kaoma,Lambada,1989,13.481,1.773,2.071,21.632,2.458
558,The Beatles,Something,1969,13.48,11.343,10.918,3.003,0.567
559,Patti LaBelle,Lady Marmalade (Voulez-Vous Coucher Aver Moi Ce Soir?),1975,13.475,11.545,3.548,5.301,0.526
560,The Everly Brothers,All I Have to Do is Dream,1958,13.464,9.498,6.522,0.536,0
561,Baccara,"Yes Sir, I Can Boogie",1977,13.461,0.2,5.616,17.161,0.512
562,Boney M,Daddy Cool,1976,13.459,1.232,3.389,20.484,0
563,U2,Discotheque,1997,13.438,1.55,5,10.201,2.572
564,Shania Twain,You're Still the One,1998,13.437,7.503,3.272,2.218,1.751
565,George Michael & Elton John,Don't Let the Sun Go Down On Me,1992,13.43,5.089,3.5,13.862,1.311
566,Britney Spears,Womanizer,2008,13.413,5.138,2.858,9.088,0.526
567,The Kalin Twins,When,1958,13.412,1.956,6.843,4.132,0.53
568,Madonna,This Used to Be My Playground,1992,13.41,6.582,2.833,11.02,1.512
569,Little Eva,The Loco-Motion,1962,13.406,11.198,5.344,2.2,0
570,O-Zone,Dragostea Din Tei,2004,13.406,1.114,2.333,18.235,0.7
571,Rosemary Clooney,Hey There,1954,13.395,11.367,2.25,0,0.532
572,U2,Vertigo,2004,13.388,3.647,3,8.002,2.658
573,Pras Michel,Ghetto Supastar (That is What You Are),1998,13.356,1.848,5.985,13.425,0.542
574,Bellamy Brothers,Let Your Love Flow,1976,13.348,5.075,4.331,11.636,0.511
575,Andy Gibb,Shadow Dancing,1978,13.348,10.884,4.974,3.25,0.577
576,Katy Perry,Teenage Dream,2010,13.347,5.519,4.611,2.68,0
577,Britney Spears & Madonna,Me Against the Music,2003,13.34,1.745,4.526,8.385,2.529
578,Destiny's Child,Survivor,2001,13.339,4.958,3,7.142,2.023
579,Europe,The Final Countdown,1986,13.312,2.42,6.995,19.531,0
580,Madonna,American Pie,2000,13.298,1.77,4.279,15.459,1.667
581,Chris Montez,Let's Dance,1962,13.294,4.847,3.269,5.73,0.512
582,Shakira,Underneath Your Clothes,2002,13.291,3.021,4.405,11.301,0.537
583,Spice Girls,2 Become 1,1997,13.264,3.865,4.978,6.856,1.7
584,Joe Dolce,Shaddup You Face,1981,13.248,1.59,9.75,10.726,0.512
585,Madonna,Crazy For You,1985,13.231,7.135,8.23,4.574,0.537
586,The Carpenters,Please Mr Postman,1975,13.22,6.07,10.493,1.802,0.534
587,Will Smith,Wild Wild West,1999,13.204,4.733,2.273,10.924,1.284
588,Madonna,La Isla Bonita,1987,13.182,3.049,4.601,16.326,0.514
589,Prince,Kiss,1986,13.18,8.926,2.557,6.615,0.527
590,Janet Jackson,All For You,2001,13.171,4.89,2.333,5.951,2.833
591,Tommy Roe,Dizzy,1969,13.165,9.172,8.764,5.747,0.512
592,Red Hot Chili Peppers,Dani California,2006,13.155,5.201,1.519,6.803,3.033
593,Kylie Minogue,The Loco-Motion,1988,13.155,2.822,8.5,7.187,1
594,Depeche Mode,Enjoy the Silence,1990,13.151,5.765,2.167,12.953,0.514
595,Vanessa Williams,Save the Best For Last,1992,13.142,7.019,4.41,3.882,1.936
596,George Baker Selection,Una Paloma Blanca,1975,13.137,1.08,7.058,14.273,0.01
597,Jennifer Lopez,Get Right,2005,13.13,3.404,3.533,7.558,2.573
598,Gilbert O'Sullivan,Get Down,1973,13.124,4.928,5.226,11.292,0
599,Bon Jovi,It's My Life,2000,13.124,1.88,1.386,17.27,2.5
600,Akon,Don't Matter,2007,13.109,5.38,5.849,3.345,0.553
601,Tony Bennett,Stranger in Paradise,1954,13.108,6.787,6.504,0,0.526
602,Elton John,Nikita,1985,13.097,2.178,7.979,14.715,0.611
603,Tom Jones,Delilah,1968,13.097,3.356,6.971,13.904,0
604,Run DMC & Jason Nevins,It's Like That,1998,13.09,1.218,8.153,15.009,0
605,John Lennon,Instant Karma,1970,13.085,9.121,4.668,7.758,0.515
606,Glenn Miller,(I've Got a Gal In) Kalamazoo,1942,13.073,10.848,0,0.523,0.516
607,The Scorpions,Wind of Change,1991,13.07,4.411,1.5,20.038,1.061
608,Belinda Carlisle,Heaven is a Place On Earth,1988,13.054,4.003,7.85,11.22,0
609,Neil Diamond,Cracklin' Rosie,1970,13.049,8.863,9.035,4.244,0.537
610,Daniel Boone,Beautiful Sunday,1972,13.04,3.191,6.214,8.563,1.5
611,Edwin Hawkins Singers,Oh Happy Day,1969,13.038,10.037,3.32,11.421,0
612,Spice Girls,Say You'll Be There,1996,13.037,3.975,2.902,11.497,1.213
613,Kenny Loggins,Footloose,1984,13.033,8.386,9.895,3.152,0
614,Murray Head,One Night in Bangkok,1985,13.031,4.177,5.9,17.721,0
615,Carole King,It's Too Late,1971,13.029,17.069,4.173,0.833,0.833
616,Huey Lewis & The News,The Power of Love,1985,13.01,7.993,7.404,3.305,0.511
617,Paula Abdul & The Wild Pair,Opposites Attract,1990,12.993,4.992,5.143,5.889,1.361
618,Debbie Boone,You Light Up My Life,1977,12.989,14.272,5.537,0,0.843
619,Steve Miller Band,The Joker,1974,12.979,8.303,8.16,6.978,0
620,50 Cent & Olivia,Candy Shop,2005,12.977,4.606,1.288,12.698,1.081
621,Bruce Springsteen,Dancing in the Dark,1984,12.974,7.22,6.517,5.674,0.515
622,Billy Ocean,"When the Going Gets Tough, the Tough Get Going",1986,12.955,3.318,11.126,10.789,0
623,Conway Twitty,It's Only Make Believe,1958,12.947,5.5,6.394,1.543,0.512
624,Paul Hardcastle,19,1985,12.941,2.297,7.435,19.642,0
625,Roy Orbison,Only The Lonely (Know The Way I Feel),1960,12.934,9.467,6.084,1.417,0
626,The Black Eyed Peas,The Time (Dirty Bit),2010,12.93,2.63,5.036,5.048,0
627,Queen,We Are the Champions,1977,12.925,9.162,3.719,6.504,0.563
628,Coldplay,Speed of Sound,2005,12.924,4.601,2.5,6.81,2.582
629,Barry Ryan,Eloise,1968,12.909,0.714,8.424,14.738,0
630,Heart,All I Wanna Do is Make Love to You,1990,12.903,4.469,4.793,6.15,1.911
631,Harry Belafonte,Banana Boat Song,1957,12.898,5.946,1.503,4.074,0.553
632,Aretha Franklin,Respect,1967,12.896,22.122,3.217,1.108,0
633,The Backstreet Boys,Quit Playing Games (With My Heart),1997,12.893,4.222,1.5,13.659,1.067
634,Paul Anka,Lonely Boy,1959,12.893,5.162,2.902,4.201,0.512
635,Duran Duran,A View to a Kill,1985,12.891,5.808,5.25,14.698,0
636,Mr Acker Bilk,Stranger On the Shore,1962,12.886,8.326,7.644,0.559,0.527
637,The Fray,How to Save a Life,2007,12.883,6.709,3.706,4.937,0.512
638,Eric Clapton,Change the World,1996,12.882,5.846,2.557,2.823,3
639,Brotherhood of Man,Save All Your Kisses For Me,1976,12.868,0.537,5.765,15.629,0.01
640,Lloyd Price,(You've Got) Personality,1959,12.868,6.552,4.394,2.028,0.523
641,Artie Shaw,Begin the Beguine,1938,12.866,11.231,0,0,0.531
642,Billy Joel,Uptown Girl,1983,12.846,5.479,9.383,4.148,0.571
643,Gilbert O'Sullivan,Alone Again (Naturally),1972,12.843,10.42,5.41,1.103,2.014
644,Mika,Grace Kelly,2007,12.841,1.809,4.143,9.684,1.386
645,Leo Sayer,When I Need You,1977,12.837,6.09,9.568,4.4,0.643
646,Cliff Richard,We Don't Talk Anymore,1979,12.834,3.327,8.044,16.063,0
647,The Marcels,Blue Moon,1961,12.828,6.313,6.591,2.077,1
648,U2,One,1992,12.827,6.95,4.849,6.558,0.527
649,Art Mooney,I'm Looking Over a Four Leaf Clover,1948,12.817,8.67,1.5,0,0.643
650,Madonna,Live to Tell,1986,12.814,5.88,4.5,9.616,0.519
651,John Travolta & Olivia Newton-John,Summer Nights,1978,12.809,5.486,7.104,11.494,0
652,The Moody Blues,Nights in White Satin,1968,12.807,9.825,5.547,9.238,0
653,The Everly Brothers,Bird Dog,1958,12.797,5.812,7.003,2.325,0
654,Justin Timberlake,My Love,2006,12.793,6.841,3.029,6.074,0.563
655,LeAnn Rimes,How Do I Live?,1998,12.788,7.396,2.589,2.583,1.572
656,Ricky Nelson,Hello Mary Lou,1961,12.77,5.117,5.253,6.026,0
657,Mariah Carey & Whitney Houston,When You Believe,1998,12.76,4.746,0.75,10.183,2.012
658,The Beatles,We Can Work it Out,1966,12.759,10.453,8.603,4.367,0
659,Soul Asylum,Runaway Train,1993,12.755,5.833,2.647,9.791,1.065
660,Santa Esmerelda,Don't Let Me Be Misunderstood,1977,12.754,3.981,2.262,13.961,0.667
661,Kylie Minogue,I Should Be So Lucky,1988,12.741,0.736,8.828,11.707,0.529
662,Jennifer Lopez,Jenny From the Block,2002,12.718,3.182,2.333,8.706,2.573
663,Beyonce,Single Ladies (Put A Ring On It),2009,12.715,9.497,2.414,2.739,0.591
664,Guy Mitchell,Singing The Blues,1956,12.709,6.613,6.513,0.75,0
665,The Verve,Bitter Sweet Symphony,1997,12.708,6.559,2.551,7.257,0.538
666,Psy,Gangnam Style,2012,12.689,3.541,4,6.833,0
667,The Temptations,My Girl,1965,12.688,17.669,2.614,0.553,0.563
668,Bananarama,Venus,1986,12.677,4.679,6.425,9.16,0.519
669,The Rubettes,Sugar Baby Love,1974,12.676,1.78,5.449,14.588,0
670,Lady GaGa & Beyonce,Telephone,2010,12.667,5.24,3.55,3.419,0
671,Artie Shaw,Frenesi,1940,12.661,10.072,0,0.514,0.6
672,Jimmy Dorsey,Tangerine,1942,12.653,8.662,0.583,0.512,0.611
673,Big Mountain,"Baby, I Love Your Way",1994,12.643,4.215,2.558,9.151,2.333
674,Lifehouse,Hanging by a Moment,2001,12.643,7.396,3.54,1.08,1.041
675,Emilia,Big Big World,1998,12.64,1.024,1.2,19.724,1.118
676,The Backstreet Boys,Shape of My Heart,2000,12.633,1.655,3.75,12.428,2.622
677,The Beach Boys,Kokomo,1988,12.628,6.016,3.118,3.06,2.532
678,Glenn Miller,Moonlight Cocktail,1942,12.613,8.715,0.591,0.518,0.52
679,Justin Timberlake,What Goes Around Comes Around,2007,12.607,7.139,1.282,7.116,1.035
680,Perez Prado,Patricia,1958,12.603,4.817,4.189,3.042,0.534
681,Percy Sledge,When a Man Loves a Woman,1966,12.59,15.715,5.266,2.93,0
682,Chuck Berry,Johnny B Goode,1958,12.582,12.738,1.27,0.583,0
683,Donna Summer,Love to Love You Baby,1976,12.581,8.18,3.875,7.289,0.518
684,Snoop Dogg & Pharrell Williams,Drop it Like It's Hot,2004,12.565,7.472,2.629,4.953,0.531
685,Destiny's Child,Independent Women Part 1,2000,12.559,4.375,4.274,8.651,1.139
686,Ringo Starr,Photograph,1973,12.557,6.065,10.222,5.177,0
687,The Beatles,Day Tripper,1965,12.545,5.1,7.96,3.515,0.553
688,Maroon 5,She Will Be Loved,2004,12.545,5.514,3.083,6.417,1.093
689,Glen Campbell,Rhinestone Cowboy,1975,12.524,9.786,7.75,3.492,0
690,Sandie Shaw,Puppet On a String,1967,12.519,0.2,8.738,10.73,0
691,Creedence Clearwater Revival,Bad Moon Rising,1969,12.516,11.726,10.591,4.477,0
692,Phil Collins,Two Hearts,1988,12.503,5.474,2.667,6.087,2.05
693,Kiss,I Was Made For Lovin' You,1979,12.503,4.832,9.1,12.005,0
694,Christie,Yellow River,1970,12.499,3.439,7.77,8.383,0.7
695,Macy Gray,I Try,2000,12.499,4.472,7.589,4.263,0.6
696,Louis Armstrong,Hello Dolly,1964,12.491,11.851,3.636,3.125,0.559
697,Percy Faith,Delicado,1952,12.484,7.887,2.05,0.538,0.667
698,Bing Crosby,Pennies From Heaven,1936,12.477,10.778,0,0.531,0
699,Sheena Easton,Morning Train (Nine to Five),1981,12.459,7.223,8.976,2.155,0.524
700,Mariah Carey,Honey,1997,12.456,5.037,2.333,4.994,2.699
701,Cyndi Lauper,Time After Time,1984,12.455,6.976,4.334,6.338,1.063
702,Color Me Badd,I Wanna Sex You Up,1991,12.45,5.435,4.547,5.74,2.569
703,Tina Turner,We Don't Need Another Hero (Thunderdome),1985,12.445,4.228,7,14.832,0
704,Barbra Streisand,Love Theme From 'A Star is Born' (Evergreen),1977,12.442,11.322,5.669,1.064,0.536
705,Frankie Laine,Mule Train,1949,12.442,11.18,0,1.033,0
706,Whitney Houston,Greatest Love of All,1986,12.433,6.785,4.268,4.017,1.5
707,Milli Vanilli,"Girl, I'm Gonna Miss You",1989,12.431,4.407,3.7,13.435,1.633
708,Perry Como,Till The End of Time,1945,12.431,10.006,0,0.533,0.511
709,fun.,We Are Young,2012,12.429,6.339,3.583,2.833,0
710,Andy Gibb,I Just Wanna Be Your Everything,1977,12.426,9.832,6.872,1.375,0.7
711,Mary J Blige,Family Affair,2001,12.421,6.731,0.625,8.33,0.7
712,Abba,"Money, Money, Money",1976,12.414,0.718,6.726,15.85,0
713,Ace of Base,Don't Turn Around,1994,12.408,5.504,2.702,7.287,1.632
714,Mike & The Mechanics,The Living Years,1989,12.394,5.365,7.403,4.119,2.083
715,Nelly,My Place,2004,12.385,3.074,5.038,5.067,2.033
716,Kelly Clarkson,Because of You,2006,12.384,6.04,1.16,10.215,0.583
717,Simon & Garfunkel,Mrs Robinson,1968,12.379,13.986,5.349,2.429,0.571
718,Christopher Cross,Arthur's Theme (Best That You Can Do),1981,12.372,11.625,1.286,3.929,0.6
719,Four Aces,Love is a Many Splendoured Thing,1955,12.358,7.399,4.002,1.41,0
720,George Michael,One More Try,1988,12.351,6.067,3.625,5.927,1
721,Linkin Park,In the End,2001,12.335,6.757,1.147,6.786,0.833
722,The Doobie Brothers,What a Fool Believes,1979,12.335,11.651,4.71,2.017,0.537
723,Pussycat,Mississippi,1976,12.331,0,10.837,12.467,0.01
724,Milli Vanilli,"Girl, You Know It's True",1988,12.325,4.362,1.333,12.67,1.218
725,Tommy Edwards,It's All in the Game,1958,12.317,8.356,6.198,0.591,0
726,Perry Como,Prisoner of Love,1946,12.312,8.028,1.5,0.511,0.514
727,Blondie,The Tide is High,1980,12.309,8.533,7.963,5.055,0
728,Elvis Presley,Wooden Heart,1961,12.307,0.201,9.092,7.008,0
729,Donna Lewis,I Love You Always Forever,1996,12.304,4.891,2.279,6.703,2.048
730,Gilbert O'Sullivan,Clair,1972,12.302,5.092,7.745,6.329,0.538
731,Rod Stewart,Baby Jane,1983,12.3,1.081,6.844,15.888,0.515
732,Dolly Parton,9 to 5,1981,12.286,10.508,3.466,3.194,0.515
733,Kay Kyser,The Woody Woodpecker Song,1948,12.284,7.391,1,0.513,0.512
734,Eddie Fisher,I'm Walking Behind You,1953,12.283,9.389,4.505,0,0
735,Rihanna,Pon De Replay,2005,12.28,5.241,3.036,6.487,1.242
736,The Backstreet Boys,As Long As You Love Me,1997,12.265,2.681,4.132,9.259,1.582
737,The Hollies,The Air That I Breathe,1974,12.263,5.964,7.362,5.589,0.591
738,Afroman,Because I Got High,2001,12.263,1.677,7.853,12.562,0
739,Dean Martin,That's Amore,1953,12.254,8.717,3.2,0,0.528
740,Bing Crosby,I'll be seeing you,1944,12.25,7.679,1.5,0.567,0.512
741,Buggles,Video Killed the Radio Star,1979,12.234,2.264,8.075,16.234,0
742,Nelly,Hot in Herre,2002,12.232,6.02,3.317,4.311,0.537
743,Rod Stewart,Sailing,1975,12.228,1.233,7.208,10.7,0.537
744,The Black Eyed Peas,My Humps,2005,12.226,5.101,6.384,5.813,0
745,Jimmy Dorsey,Besame Mucho,1944,12.218,8.384,0.833,0.515,0.6
746,The Rolling Stones,Get Off of My Cloud,1965,12.215,8.582,5.101,5.468,0
747,Sean Paul,Temperature,2006,12.214,8.683,1.124,4.423,1.027
748,Michael Jackson & Siedah Garrett,I Just Can't Stop Loving You,1987,12.213,4.908,3.643,11.519,0.514
749,Usher & Alicia Keys,My Boo,2004,12.209,5.628,2.4,4.539,2.053
750,DNA & Suzanne Vega,Tom's Diner,1990,12.209,4.8,1.5,12.851,1.037
751,Silver Convention,Fly Robin Fly,1975,12.208,7.776,3.432,7.47,0.643
752,Will Smith,Gettin' Jiggy Wit It,1998,12.198,5.588,1.866,7.505,1.157
753,Evanescence,My Immortal,2004,12.197,4.465,2.786,8.215,1.068
754,Jordin Sparks & Chris Brown,No Air,2008,12.197,5.821,5.858,4.249,0
755,George Harrison,Got My Mind Set On You,1988,12.196,3.745,7.201,6.406,0.523
756,Fergie,London Bridge,2006,12.192,4.747,2.87,5.216,2.108
757,MC Sar & The Real McCoy,Another Night,1994,12.191,6.185,3.833,3.045,1.606
758,Sara Bareilles,Love Song,2008,12.174,5.906,3.527,4.469,0.7
759,Donna Summer,Bad Girls,1979,12.16,9.456,4.738,4.837,0.548
760,Tommy Dorsey & Frank Sinatra,I'll Never Smile Again,1940,12.157,9.655,0,0.559,0.526
761,Duran Duran,Ordinary World,1993,12.141,4.519,2.668,8.617,1.967
762,The Village People,In the Navy,1979,12.139,5.235,4.254,11.61,0.516
763,Fred Astaire,The Way You Look Tonight,1936,12.135,8.95,0,0.511,0.538
764,George Michael,Fast Love,1996,12.124,2.61,4.361,7.88,2.043
765,Bobby Darin,Dream Lover,1959,12.106,5.73,4.764,3.31,0
766,The Cardigans,Lovefool,1997,12.104,2.626,3.77,6.42,2.867
767,Abba,"Knowing Me, Knowing You",1977,12.101,3.693,7.635,11.708,0
768,The Diamonds,Little Darlin',1957,12.099,6.724,1.927,2.681,0.531
769,Barry White,"You're the First, the Last, My Everything",1975,12.097,6.784,4.201,7.672,0.543
770,Van McCoy,The Hustle,1975,12.093,9.426,5.067,3.095,0.532
771,Madonna,Into the Groove,1985,12.087,3.08,9.607,13.287,0
772,Train,Drops of Jupiter (Tell Me),2001,12.082,7.566,1.627,4.166,0.516
773,Rose Royce,Car Wash,1977,12.082,8.859,4.311,4.91,0.52
774,Chris Brown & Juelz Santana,Run It,2006,12.069,4.834,4.55,5.127,0.567
775,Marvin Gaye,(Sexual) Healing,1983,12.068,7.534,6.251,2.225,0.524
776,Evelyn Knight,A Little Bird Told Me,1949,12.063,7.161,1.5,0.514,0.519
777,Destiny's Child,Say My Name,2000,12.059,7.412,3.033,3.633,0.517
778,Usher & Young Jeezy,Love In This Club,2008,12.057,7.185,3.27,3.109,0.556
779,Janis Joplin,Me & Bobby McGee,1971,12.052,13.251,4.671,2.603,0.54
780,Madonna,Ray of Light,1998,12.048,7.708,1,4.927,0.7
781,Louis Armstrong,(What A) Wonderful World,1968,12.047,8.28,6.874,8.359,0
782,The Beatles,Eleanor Rigby,1966,12.031,7.8,11.003,3.516,0
783,The Pet Shop Boys,Always On My Mind,1988,12.028,3.059,5.174,15.008,0
784,Paula Abdul,Rush Rush,1991,12.026,6.614,2.722,5.479,2.731
785,Jay-Z & Linkin Park,Numb/Encore,2005,12.018,3.563,2.608,7.941,2.061
786,U2 & Green Day,The Saints are Coming,2006,12.017,0.72,6.016,9.282,0.53
787,Fred Astaire & Leo Reisman,Night & Day,1932,12.013,10.331,0,0,0.548
788,Abba,Take a Chance On Me,1978,12.012,6.01,5.49,10.864,0
789,Shirley & Company,"Shame, Shame, Shame",1975,12.007,4.772,3.033,11.79,0.519
790,Kay Starr,Wheel of Fortune,1952,12.004,12.779,0.833,0,0
791,OMC,How Bizarre,1996,11.998,1.092,7.95,7.339,1.033
792,The Fireballs,Sugar Shack,1963,11.995,10.457,5.613,0,0.511
793,Gary Puckett & The Union Gap,Young Girl,1968,11.989,7.87,11.576,5.48,0
794,The Supremes,Where Did Our Love Go,1964,11.976,13.548,5.839,2.435,0
795,Celine Dion,The Power of Love,1994,11.974,5.384,4.5,2.889,1.649
796,Eddie Fisher,I Need You Now,1954,11.973,9.492,2.627,0,0.512
797,K-Ci & JoJo,All My Life,1998,11.967,4.001,4.225,5.891,1.573
798,Youssou N'Dour & Neneh Cherry,7 Seconds,1994,11.958,2.261,2.375,16.565,0.75
799,Nazareth,Love Hurts,1976,11.926,5.344,6.36,6.908,0.524
800,America,Horse With No Name,1972,11.924,8.95,6.48,3.142,0.559
801,The Jackson 5,I Want You Back,1970,11.919,14.128,4.122,2.325,0.611
802,Elvis Presley,Love Me Tender,1956,11.907,10.95,0.591,0.667,0.55
803,Sam Cooke,Wonderful World,1960,11.905,6.644,1.614,5.542,0
804,Phil Harris,The Thing,1950,11.898,8.512,4,0,0
805,Brenda Lee,I'm Sorry,1960,11.894,9.358,2.726,1,0.529
806,Sean Paul,Get Busy,2003,11.89,4.999,1.288,7.794,1.269
807,Shania Twain,That Don't Impress Me Much,1999,11.89,3.294,5.836,11.47,0
808,Usher & will.i.am,OMG,2010,11.89,4.39,5.5,1.5,0
809,Frankie Laine,That Lucky Old Sun (Just Rolls Around Heaven All Day),1949,11.875,9.516,0,0.525,0.542
810,Flo-Rida,Whistle,2012,11.867,4.186,5.25,3.067,0
811,Whitney Houston,Exhale (Shoop Shoop),1995,11.866,4.566,2.091,6.163,2.048
812,Duran Duran,Wild Boys,1984,11.86,4.625,5.067,15.845,0
813,Madonna,Die Another Day,2002,11.834,3.284,3.433,6.876,1.639
814,Madonna,Beautiful Stranger,1999,11.827,3.72,3.779,7.952,1.242
815,Prince,Purple Rain,1984,11.825,7.19,1.959,9.75,0.529
816,Tom Jones,The Green Green Grass of Home,1967,11.816,3.45,11.805,6.233,0
817,Enya,Orinoco Flow,1988,11.8,2.772,3.5,11.826,1.123
818,Steppenwolf,Born to Be Wild,1968,11.79,14.292,5.155,4.303,0
819,Simple Minds,Don't You (Forget About Me),1985,11.789,6.157,5.801,10.507,0
820,Abba,Chiquitita,1979,11.787,1.282,8.309,10.935,1.106
821,Wings,Band On the Run,1974,11.786,7.745,8.004,2.806,0.563
822,Kate Smith,God Bless America,1939,11.78,10.131,0,0.556,0
823,Mariah Carey,Heartbreaker,1999,11.755,4.044,2.2,6.296,2.544
824,Harry James,Sleepy Lagoon,1942,11.746,7.984,0.6,0.522,0.513
825,Next,Too Close,1998,11.742,8.242,2.042,0.625,1.051
826,1910 Fruitgum Co,Simon Says,1968,11.731,6.934,7.001,6.09,0.519
827,The Partridge Family,I Think I Love You,1970,11.729,8.734,7.877,3.333,0.523
828,Leo Sayer,You Make Me Feel Like Dancing,1977,11.722,6.686,8.333,3.092,0.538
829,Perry Como,Wanted,1954,11.722,9.093,2.751,0,0.517
830,The Carpenters,Top of the World,1973,11.721,6.497,8.771,1.121,1.095
831,Madonna,Express Yourself,1989,11.714,5.214,2.7,12.043,1.543
832,DJ Jazzy Jeff & The Fresh Prince,Boom! Shake the Room,1993,11.707,2.365,6.064,6.269,1.523
833,Chaka Khan,I Feel For You,1984,11.68,6.235,5.752,5.697,0.519
834,The Foundations,Build Me Up Buttercup,1969,11.672,12.339,8.175,1.417,0.521
835,Katy Perry & Kanye West,E.T.,2011,11.664,6.446,4.4,1.133,0
836,Britney Spears,Everytime,2004,11.65,3.416,4.5,6.239,1.027
837,Sly & The Family Stone,Family Affair,1971,11.65,12.77,3.225,2.595,1.052
838,Paul Whiteman,Whispering,1920,11.646,9.963,0,0,0.583
839,The Beatles,Michelle,1966,11.636,2.378,3,9.524,0.643
840,Estelle & Kanye West,American Boy,2008,11.635,4.471,2.037,8.466,0.515
841,Mariah Carey,I'll Be There,1992,11.633,4.498,4,4.1,2.79
842,Patti Page,How Much is That Doggy in the Window?,1953,11.633,9.522,3.611,0,0
843,BoB & Hayley Williams,Airplanes,2010,11.629,6.269,3.591,1.145,0
844,Usher,Burn,2004,11.621,6.415,3.553,3.438,0.55
845,Gorillaz,Feel Good Inc,2005,11.617,6.757,1.75,4.997,1.122
846,Neil Diamond,Song Sung Blue,1972,11.607,6.992,4.271,6.414,0.52
847,Bobby Vinton,Roses Are Red,1962,11.606,7.068,6.222,2.703,0
848,Don Cornell,Hold My Hand,1954,11.603,4.76,6.521,0.833,0
849,Engelbert Humperdinck,The Last Waltz,1967,11.587,1.654,13.205,4.164,0.512
850,Timbaland & Nelly Furtado & Justin Timberlake,Give it to Me,2007,11.575,4.39,2.018,7.978,1.102
851,Mario Winans,I Don't Wanna Know,2004,11.567,3.469,2.556,10.417,0.534
852,The Backstreet Boys,Everybody (Backstreet's Back),1997,11.557,4.26,1.975,9.723,1.038
853,Christina Aguilera,Hurt,2006,11.551,3.07,1.856,12.471,0.514
854,Jimmie Rodgers,T For Texas (Blue Yodel No 1),1928,11.535,8.88,0.1,0,0.516
855,Wilson Phillips,Hold On,1990,11.527,7.369,0.667,5,2.588
856,Peggy Lee,Manana (Is Soon Enough For Me),1948,11.526,8.646,0,0.511,0.591
857,George Gershwin,Rhapsody in Blue,1924,11.503,8.335,0,0.6,0.536
858,Little Richard,Long Tall Sally,1956,11.498,8.748,2.085,0.611,0.52
859,Benny Goodman,"Sing, Sing, Sing (With A Swing)",1937,11.496,8.13,0.833,0,0.519
860,Smokie,Living Next Door to Alice,1977,11.488,1.268,5.544,15.618,0
861,New Kids On The Block,Step By Step,1990,11.479,5.117,2.5,7.413,1.559
862,Manfred Mann,Mighty Quinn,1968,11.472,5.825,9.311,7.767,0
863,The Troggs,Wild Thing,1966,11.465,11.163,7.505,2.909,0
864,2 Unlimited,No Limit,1993,11.448,0.713,3.503,16.236,1.169
865,Hoobastank,The Reason,2004,11.447,7.579,0.583,4.74,1.123
866,Laura Branigan,Self Control,1984,11.446,3.074,5.567,17.414,0
867,Eddie Fisher,Oh My Papa (O Mein Papa),1954,11.427,9.409,2.111,0,0.527
868,Savage Garden,I Want You,1997,11.424,4.455,3.159,4.013,2.066
869,The Mamas & The Papas,California Dreamin',1966,11.421,15.701,1.688,1.517,0.548
870,The Black Eyed Peas,Meet Me Half Way,2009,11.415,4.516,3.625,8.502,0.516
871,Madonna,Secret,1994,11.411,4.006,2.723,7.222,2.015
872,Michael Jackson,Bad,1987,11.411,3.86,3.629,11.689,0.571
873,Lisa Loeb & Nine Stories,Stay (I Missed You),1994,11.407,7.482,2.69,0.571,1.594
874,Jerry Lee Lewis,Whole Lotta Shakin' Goin' On,1957,11.399,11.009,1.302,1.094,0
875,Blondie,Rapture,1981,11.392,8.339,3.367,4.659,0.521
876,Mariah Carey,Hero,1993,11.389,6.664,1.173,2.967,2.667
877,Highwaymen,Michael Row the Boat,1961,11.388,3.495,8.072,2.577,0.526
878,Sonny & Cher,I Got You Babe,1965,11.386,11.729,4.251,3.336,0
879,Debbie Reynolds,Tammy,1957,11.38,6.184,4.003,1.082,0.517
880,Guess Who,American Woman,1970,11.378,9.159,4.684,5.097,0.531
881,Mario Lanza,Be My Love,1951,11.37,10.3,0,0.513,0.559
882,Nini Rosso,Il Silenzio,1965,11.348,1.5,1.236,9.583,0.516
883,Madonna,I'll Remember,1994,11.348,5.6,2.143,5.42,1.723
884,The Jackson 5,I'll Be There,1970,11.342,14.887,3.283,1.676,0.548
885,Bruno Mars,Locked Out Of Heaven,2012,11.341,7.787,2.036,1.226,0
886,The Beatles,The Long & Winding Road,1970,11.337,9.901,4.172,3.199,1.362
887,Technotronic,Get Up (Before the Night is Over),1990,11.329,3.157,1.5,13.407,1.25
888,Enya,Only Time,2001,11.322,2.844,2.534,8.741,2.011
889,Melanie,Brand New Key,1972,11.322,9.112,11.008,1.161,0
890,Rick Astley,Together Forever,1988,11.308,3.619,4.501,7.508,1.03
891,Pop Tops,Mammy Blue,1971,11.284,0.718,1.279,14.656,0.536
892,Cliff Richard,Living Doll,1959,11.271,0.734,6.304,5.063,0
893,Johnnie Ray,Just Walkin' in the Rain,1956,11.269,4.176,6.616,1.085,0
894,Inner Circle,Sweat (A La La La La Song),1992,11.269,2.113,3.918,12.661,1.731
895,Billy Ray Cyrus,Achy Breaky Heart,1992,11.264,5.271,5.833,3.832,0.511
896,Michael Jackson,Remember the Time,1992,11.264,4.884,2.333,8.509,2.049
897,Aaliyah,Try Again,2000,11.256,5.804,0.7,9.402,0.591
898,Janet Jackson,Escapade,1990,11.245,6.019,2.059,2.987,3
899,Meredith Brooks,Bitch,1997,11.242,4.184,1.778,7.936,1.673
900,2Pac & Dr Dre,California Love,1996,11.236,3.697,3.449,7.617,1.038
901,The Rolling Stones,19th Nervous Breakdown,1966,11.225,8.813,3,7.189,0
902,Don Henley,The Boys of Summer,1985,11.223,8.746,2.12,3.724,0.511
903,EMF,Unbelievable,1991,11.216,7.154,1.333,6.389,2.215
904,Ne-Yo,So Sick,2006,11.212,5.37,2.036,5.046,1.596
905,KC & The Sunshine Band,That's the Way (I Like It),1975,11.207,8.326,5.509,5.713,0
906,Steve Winwood,Higher Love,1986,11.203,8.944,3.137,1.113,0.513
907,Connie Francis,Who's Sorry Now?,1958,11.202,4.165,7.529,0.511,0.519
908,Simply Red,If You Don't Know Me By Now,1989,11.198,4.676,5.083,6.927,1.822
909,Adele,Skyfall,2012,11.183,4.136,3,5.2,0
910,Elvis Presley,Stuck On You,1960,11.175,6.097,3.833,3.775,0
911,Robert Palmer,Addicted to Love,1986,11.175,9.067,5.554,1.598,0
912,Kelis,Milkshake,2004,11.157,5.667,3.583,3.508,0.7
913,Technotronic,Pump Up the Jam,1989,11.155,4.936,2.893,9.084,2.211
914,The Monkees,"A Little Bit Me, a Little Bit You",1967,11.155,7.422,8.651,2.708,0.516
915,Al Hibbler,Unchained Melody,1955,11.154,5.051,6.004,0,0.511
916,Crazy Town,Butterfly,2001,11.154,3.293,1.883,12.259,0.559
917,Elvis Presley,Crying in the Chapel,1965,11.154,7.572,7.646,2.827,0
918,TLC,Creep,1995,11.153,7.367,0.545,1.7,1.903
919,The Beatles,"Ob-La-Di, Ob-La-Da",1969,11.151,1.256,7.887,9.222,0.643
920,Carl Perkins,Blue Suede Shoes,1956,11.148,12.289,0.7,0,0.511
921,Macklemore & Ryan Lewis,Thrift Shop,2013,11.145,5.721,5.111,3.567,0
922,Lovin' Spoonful,Summer in the City,1966,11.144,12.274,5.616,3.025,0
923,The Beach Boys,I Wanna Go Home (The Wreck of the 'John B'),1966,11.141,6.829,4.001,7.708,0
924,Four Aces,Three Coins in the Fountain,1954,11.132,8.166,2.95,0,0.591
925,Beyonce,Check On It,2006,11.127,5.859,2.333,4.651,1.084
926,Herman's Hermits,No Milk Today,1966,11.115,2.013,6.214,7.128,0.534
927,Creedence Clearwater Revival,Lookin' Out My Back Door,1970,11.115,8.792,8.217,4.815,0
928,Bobby Brown,Humpin' Around,1992,11.103,4.299,2.598,5.824,3
929,Sheena Easton,For Your Eyes Only,1981,11.102,6.232,1.268,9.32,0.529
930,Bee Gees,You Win Again,1987,11.093,0.713,5.835,14.424,0.511
931,Little Peggy March,I Will Follow Him,1963,11.089,7.227,5.736,0.504,0.543
932,The Browns,The Three Bells (Les Trois Cloches),1959,11.077,5.14,4.788,2.783,0
933,Sugarhill Gang,Rapper's Delight,1980,11.06,5.482,4.875,9.891,0
934,Jewel,You Were Meant for Me,1997,11.058,8.141,1.585,0.534,1.053
935,Whitney Houston,Saving All My Love For You,1985,11.054,5.049,6.286,4.626,1.027
936,Savage Garden,I Knew I Loved You,1999,11.042,4.751,3.143,3.213,1.924
937,Frankie Laine,I Believe,1953,11.039,5.05,4,0.514,0.538
938,The Bangles,Manic Monday,1986,11.032,4.868,4.929,7.004,0.511
939,Alanis Morissette,Hands Clean,2002,11.03,2.293,3.583,5.067,2.546
940,Eric Prydz,Call On Me,2004,11.01,0.833,3.529,12.492,0.525
941,Kenny Rogers,Lady,1980,11.01,9.927,1.975,3.898,0.643
942,The Platters,My Prayer,1956,11.007,8.048,0.75,1.779,0.545
943,Kyu Sakamoto,Sukiyaki,1963,11.006,5.327,4.417,2.608,0.538
944,Derek & The Dominos,Layla,1972,11.004,12.678,3.933,3.157,0
945,Donny Osmond,Puppy Love,1972,11.001,5.423,11.695,1.833,0.01
946,Johnny Nash,I Can See Clearly Now,1972,11,8.907,7.954,0.611,0.532
947,Maroon 5,This Love,2004,10.997,5.009,0.833,6.658,1.761
948,The Proclaimers,I'm Gonna Be (500 miles),1993,10.996,5.011,5.342,2.826,0.515
949,Julie Covington,Don't Cry For Me Argentina,1977,10.988,0,12.752,8.017,0.523
950,Elvis Presley,(Let Me Be Your) Teddy Bear,1957,10.984,6.166,2.837,1.609,0.512
951,Jay-Z & Alicia Keys,Empire State Of Mind,2009,10.975,7.903,1.553,4.418,0.511
952,Avril Lavigne,Sk8er Boi,2002,10.974,4.366,1.154,6.278,1.844
953,Charles & Eddie,Would I Lie to You?,1992,10.971,1.604,4.937,12.595,1.096
954,No Mercy,Where Do You Go?,1996,10.968,3.084,4.284,6.97,1.031
955,Hall & Oates,Maneater,1982,10.962,6.409,3.167,5.449,0.519
956,Sister Sledge,We Are Family,1979,10.961,9.627,3.625,3.302,0.526
957,Paper Lace,The Night Chicago Died,1974,10.96,6.719,7.417,5.723,0
958,Elton John,Philadelphia Freedom,1975,10.958,9.958,4.583,0.75,0.583
959,La Bouche,Be My Lover,1995,10.956,3.618,1.08,11.088,1.035
960,The Andrews Sisters,"I Can Dream, Can't I?",1950,10.953,9.574,0,0.75,0.524
961,Dr Hook,Sylvia's Mother,1972,10.95,4.718,10.9,4.759,0
962,KC & The Sunshine Band,Please Don't Go,1980,10.946,4.675,8.017,3.799,0.526
963,Glenn Medeiros,Nothing's Gonna Change My Love For You,1987,10.94,1.605,7.376,9.747,0.515
964,Frankie Goes To Hollywood,Two Tribes,1984,10.936,1.892,9.202,12.996,0
965,REO Speedwagon,Keep On Loving You,1981,10.931,9.152,3.026,2.957,0.548
966,Petula Clark,This is My Song,1967,10.925,5.11,8.796,3.719,0.537
967,Seal,Crazy,1991,10.921,3.988,2.002,13.943,1.099
968,Love Unlimited,Love's Theme,1974,10.913,7.639,5.8,3.292,0.625
969,The Rolling Stones,Start Me Up,1981,10.912,6.371,5.967,7.051,0
970,Los Bravos,Black is Black,1966,10.906,6.121,5.102,4.85,0.577
971,Paula Abdul,Straight Up,1989,10.906,5.766,1.333,9.609,2.2
972,Flo-Rida,Good Feeling,2012,10.897,4.295,3.05,4.5,0
973,Beyonce,Halo,2009,10.89,4.928,2.293,7.978,1
974,Manfred Mann,Do Wah Diddy Diddy,1964,10.89,9.897,7.03,2.632,0
975,Leroy Anderson,Blue Tango,1952,10.88,10.015,0,0.514,0.533
976,Christina Aguilera,What a Girl Wants,2000,10.876,4.211,3.833,5.53,1.238
977,Jane Birkin & Serge Gainsbourg,Je T'Aime (Moi Non Plus),1969,10.866,1.733,2.104,12.461,0.521
978,The Pussycat Dolls,Stickwitu,2005,10.865,4.391,3.534,5.982,0.521
979,Edward Maya & Vika Jigulina,Stereo love,2010,10.862,2.65,2.25,5.85,0
980,Roy Orbison,Crying,1961,10.858,10.37,4.516,0,0.559
981,Baltimora,Tarzan Boy,1985,10.851,2.883,3,14.123,0.51
982,BoB & Bruno Mars,Nothin' on You,2010,10.851,6.265,2.02,2.016,0
983,Paul Mauriat & his Orchestra,Love Is Blue (L'Amour Est Bleu),1968,10.834,10.15,7.11,1.789,0.7
984,Michael Sembello,Maniac,1983,10.833,7.043,4.025,7.545,0
985,Trio,Da Da Da ich lieb dich nicht du liebst mich nicht aha aha aha,1982,10.833,0.71,5.917,14.055,0
986,Crowded House,Don't Dream It's Over,1987,10.828,4.961,4.585,4.918,1.08
987,Fred Astaire,Cheek to Cheek,1935,10.825,9.276,0,0,0.526
988,Stevie Wonder,Sir Duke,1977,10.825,7.527,4.375,4.264,0.533
989,The Pet Shop Boys,It's a Sin,1987,10.812,2.36,5.556,14.792,0
990,Whitney Houston,I'm Your Baby Tonight,1990,10.809,4.446,0.7,9.853,2.037
991,Amy Grant,Baby Baby,1991,10.803,6.891,2.002,5.77,1.69
992,Singing Nun (Soeur Sourire),Dominique,1963,10.803,5.755,4.343,2.147,0.534
993,Kevin Lyttle,Turn Me On,2004,10.801,3.84,2.04,7.464,1.272
994,Baha Men,Who Let the Dogs Out?,2000,10.798,2.549,5.965,6.046,1.212
995,The Supremes,Baby Love,1964,10.779,12.714,4.205,2.461,0
996,Crystal Waters,Gypsy Woman (La Da Dee),1991,10.778,2.435,1.6,13.703,2.68
997,Peaches & Herb,Reunited,1979,10.777,7.966,5.25,3.6,0.567
998,Luther Vandross & Mariah Carey,Endless Love,1994,10.772,4.388,2.872,5.875,1.52
999,Kool & The Gang,Cherish,1985,10.77,3.962,4.752,7.944,1.055
1000,Rihanna,Diamonds,2012,10.769,3.639,2.031,6.667,0
1001,Les Paul & Mary Ford,Mockin' Bird Hill,1951,10.769,5.069,4.5,0,0.524
1002,Chris Brown,Forever,2008,10.765,5.117,4.3,2.172,0.625
1003,Eddy Grant,Electric Avenue,1983,10.763,5.337,5.662,4.667,0.524
1004,The Sugababes,Push the Button,2005,10.74,1.056,6.047,10.665,0
1005,Mariah Carey,All I Want For Christmas is You,1995,10.73,3.139,1.75,5.209,3.034
1006,Colbie Caillat,Bubbly,2007,10.727,4.357,2.559,5.15,1.267
1007,Desmond Dekker,Israelites,1969,10.724,7.819,6.093,7.529,0
1008,The Temptations,Papa Was a Rolling Stone,1972,10.717,11.974,2.699,4.366,0
1009,The Pretenders,Brass In Pocket (I'm Special),1980,10.716,5.998,8.536,4.376,0
1010,Kay Kyser,On a Slow Boat to China,1948,10.712,2.571,4.5,0.514,0.517
1011,Maroon 5,Makes Me Wonder,2007,10.711,3.763,1.522,4.674,2.782
1012,Hall & Oates,I Can't Go For That (No Can Do),1982,10.708,8.341,2.125,3.225,0.525
1013,The Police,Every Little Thing She Does is Magic,1981,10.702,6.853,7.586,4.198,0
1014,The New Radicals,You Get What You Give,1999,10.69,2.313,4.704,3.892,2.556
1015,The Turtles,Happy Together,1967,10.688,12.094,2.957,2.499,0.515
1016,Mr Mister,Broken Wings,1985,10.682,5.176,4.305,7.336,0.532
1017,Bessie Smith,Down Hearted Blues,1923,10.68,9.141,0,0,0.53
1018,Jefferson Starship,We Built This City,1985,10.676,5.969,7.774,5.756,0
1019,Olivia Newton-John,Hopelessly Devoted to You,1978,10.663,6.076,6.25,3.6,0.526
1020,Britney Spears,Gimme More,2007,10.662,2.758,3.955,4.871,1.287
1021,Paul McCartney,Another Day,1971,10.651,5.014,7.69,4.508,0.53
1022,Nelly Furtado,All Good Things (Come to an End),2006,10.632,0.712,1.27,19.089,0
1023,Patti LaBelle & Michael McDonald,On My Own,1986,10.629,6.121,4.548,3.624,0.591
1024,will.i.am & Britney Spears,Scream & Shout,2013,10.621,2.994,5.037,6.1,0
1025,Jennifer Rush,The Power of Love,1985,10.619,1.235,13.738,8.591,0
1026,Madonna,Don't Cry For Me Argentina,1997,10.593,2.503,1.333,12.496,1.155
1027,Marvin Gaye,Let's Get it On,1973,10.593,16.494,1.109,0,0.52
1028,Creedence Clearwater Revival,Travellin' Band,1970,10.591,8.125,4.855,4.611,0.512
1029,Shakespear's Sister,Stay,1992,10.59,3.789,4.806,8.072,0.53
1030,Connie Francis,Everybody's Somebody's Fool,1960,10.589,4.477,5.767,1.5,0.6
1031,George Michael,I Want Your Sex,1987,10.582,4.816,2.333,9.833,0.518
1032,Eric Clapton,I Shot the Sheriff,1974,10.577,8.691,5.702,4.729,0
1033,Tony Bennett,Because of You,1951,10.576,10.134,1.5,0,0
1034,Tracy Chapman,Fast Car,1988,10.572,6.418,4.73,4.632,0
1035,David Soul,Don't Give Up On Us,1977,10.571,6.071,11.593,1.833,0
1036,Madonna,True Blue,1986,10.568,3.85,5.333,7.536,0.511
1037,Natasha Bedingfield,These Words,2004,10.564,3.597,3.536,6.574,0.538
1038,Yolanda Be Cool & DCup,We No Speak Americano,2010,10.556,0.545,3.529,6.542,0
1039,The Four Seasons,Big Girls Don't Cry,1962,10.556,8.832,6.177,0,0.513
1040,The Tremeloes,Silence is Golden,1967,10.547,3.47,10.335,3.466,0.513
1041,Neil Sedaka,Oh Carol,1959,10.545,1.325,2.638,5.236,0.537
1042,Peter Cetera,Glory of Love,1986,10.543,6.067,3.667,4.949,0.538
1043,Suzi Quatro,Can the Can,1973,10.542,1.243,5.643,10.181,0
1044,Terence Trent D'Arby,Wishing Well,1987,10.537,6.22,3.418,5.005,0.529
1045,Coldplay,Clocks,2003,10.537,6.243,1.212,4.625,0.517
1046,Justin Timberlake,Rock Your Body,2003,10.521,4.321,3.033,5.152,0.523
1047,The Pet Shop Boys,Go West,1993,10.52,0.701,2.5,13.967,1.912
1048,Harry James,I've Heard That Song Before,1943,10.519,10.092,0,0,0.519
1049,Walter Murphy & The Big Apple Band,A Fifth of Beethoven,1976,10.511,7.995,4.25,3.602,0.522
1050,Dire Straits,Sultans of Swing,1979,10.508,6.828,5.111,4.896,0.556
1051,BLACKstreet & Dr Dre,No Diggity,1996,10.504,5.616,2.211,3.756,1.039
1052,The Pussycat Dolls,Buttons,2006,10.5,4.783,2.892,5.441,0.537
1053,Tommy James & the Shondells,Mony Mony,1968,10.492,9.035,4.636,4.147,0.528
1054,The Cranberries,Zombie,1994,10.487,2.247,2.714,16.937,0
1055,Aretha Franklin & George Michael,I Knew You Were Waiting (For Me),1987,10.481,3.667,6.4,9.811,0
1056,Deee-Lite,Groove is in the Heart,1990,10.481,6.896,2.6,2.789,1.105
1057,The Emotions,Best of My Love,1977,10.478,9.501,3.029,2.117,0.667
1058,Yazz & The Plastic Population,The Only Way is Up,1988,10.476,0.51,6.3,11.131,0.515
1059,Duran Duran,The Reflex,1984,10.474,5.756,5,9.361,0
1060,Avicii,Wake Me Up,2013,10.47,4.005,3.75,6,0
1061,The Sweet,Blockbuster,1973,10.458,2.256,5.644,9.176,0
1062,The Hollies,Long Cool Woman in a Black Dress,1972,10.457,7.352,7.541,1.632,0.513
1063,Ned Miller,From a Jack to a King,1963,10.454,2.728,8.02,3.7,0
1064,Ne-Yo,Because of You,2007,10.428,3.843,2.25,2.203,3.013
1065,Madonna,Sorry,2006,10.427,1.468,2.013,11.325,1.114
1066,George Michael,Praying For Time,1990,10.424,3.406,2.167,7.842,2.024
1067,Rosemary Clooney,This Ole House,1954,10.419,9.395,2.839,0,0
1068,Spandau Ballet,TRUE,1983,10.409,4.102,6,5.986,0.54
1069,Taio Cruz & Ludacris,Break Your Heart,2010,10.408,5.08,3.532,1.283,0
1070,The Rolling Stones,The Last Time,1965,10.406,3.988,2.171,8.264,0
1071,Rockwell,Somebody's Watching Me,1984,10.403,4.647,2.067,11.645,0.532
1072,Bloodhound Gang,The Bad Touch,1999,10.401,1.8,3.524,15.002,0
1073,Lorde,Royals,2013,10.39,6.666,4.5,2.033,0
1074,Fool's Garden,The Lemon Tree,1996,10.386,0.2,2.038,17.383,0.625
1075,Free,All Right Now,1970,10.385,7.373,4.652,5.063,0.51
1076,The New Seekers,I'd Like to Teach the World to Sing,1972,10.372,4.752,7.37,2.074,1.51
1077,The Royal Scots Dragoon Guards,Amazing Grace,1972,10.364,1.699,13.106,3.196,0.01
1078,Chris Barber's Jazz Band,Petite Fleur (Little Flower),1959,10.361,1.728,4.431,4.903,0
1079,Tony Bennett,Rags to Riches,1953,10.347,10.115,1.5,0,0
1080,Bruce Springsteen,Born in the USA,1985,10.347,7.25,5.827,4.495,0
1081,U2,The Fly,1991,10.346,1.218,6.5,8.424,1.262
1082,Spice Girls,Goodbye,1998,10.341,2.061,5.924,5.478,1.039
1083,Lumidee,Never Leave You (Uh Oooh Uh Oooh),2003,10.339,3.455,1,10.03,0.536
1084,Dido,Thank You,2001,10.322,4.174,1.339,4.889,2.137
1085,Linkin Park,What I've Done,2007,10.319,4.198,1.192,5.416,2.084
1086,Foreigner,Waiting For a Girl Like You,1981,10.319,8.007,3.747,2.684,0.53
1087,David Bowie & Mick Jagger,Dancing in the Street,1985,10.31,2.945,9.442,9.216,0
1088,The Beatles,Eight Days a Week,1965,10.303,9.82,3,2.254,0.545
1089,The Backstreet Boys,Incomplete,2005,10.302,3.407,2.688,6.231,1.377
1090,Mary Wells,My Guy,1964,10.3,12.765,6.506,0.7,0
1091,Elton John,Daniel,1973,10.3,6.169,4.753,3.882,0.545
1092,Chris Brown,With You,2008,10.296,5.923,3.157,2.197,0.563
1093,Mouth & MacNeal,How Do You Do!,1972,10.294,4.288,2.864,8.153,0.511
1094,Beyonce & Jay-Z,Deja Vu,2006,10.291,3.021,2.01,5.029,2.583
1095,Steam,Na Na Hey Hey (Kiss Him Goodbye),1970,10.29,8.967,4.27,3.98,0.513
1096,White Town,Your Woman,1997,10.29,3.881,2.591,7.844,0.529
1097,John Cougar Mellencamp,Jack & Diane,1982,10.285,9.244,5.148,0.532,0
1098,Michael Jackson,Ben,1972,10.28,7.765,6.298,1.833,0.6
1099,Michael Jackson,Blood on the Dance Floor,1997,10.259,1.237,3.526,8.115,2.01
